,index,PER_percentile,TS%_percentile,ORB%_percentile,DRB%_percentile,AST%_percentile,STL%_percentile,BLK%_percentile,TOV%_percentile,WS_percentile,3P%_percentile,2P%_percentile,FT%_percentile,PTS_percentile,MP_percentile,Player Name,Main Percentile,Adjusted Percentile
0,279,0.623015873015873,0.5092838196286472,0.13095238095238096,0.08333333333333333,0.8333333333333334,0.6164021164021164,0.328042328042328,0.4193121693121693,0.5211640211640212,0.21122112211221122,0.5026525198938993,0.4359673024523161,0.4828042328042328,0.4021164021164021,John Battle,0.3798323034964574,-0.6426276053989858
1,280,0.7579365079365079,0.7241379310344828,0.7513227513227513,0.6507936507936508,0.27645502645502645,0.21825396825396826,0.9576719576719577,0.19973544973544974,0.5965608465608465,0.8267326732673267,0.7599469496021221,0.30926430517711173,0.4444444444444444,0.35185185185185186,Antoine Carr,0.4982170974837097,0.5052153932923473
2,281,0.24338624338624337,0.1312997347480106,0.5171957671957672,0.9338624338624338,0.24338624338624337,0.6587301587301587,0.7341269841269841,0.4193121693121693,0.294973544973545,0.49504950495049505,0.09283819628647215,0.6948228882833788,0.18783068783068782,0.20634920634920634,Scott Hastings,0.3764543038048392,-0.6753802348965122
3,283,0.3412698412698413,0.6087533156498673,0.7962962962962963,0.9206349206349206,0.04894179894179894,0.48677248677248675,0.8862433862433863,0.6970899470899471,0.7447089947089947,0.21122112211221122,0.5875331564986738,0.19618528610354224,0.5502645502645502,0.6666666666666666,Jon Koncak,0.47172767350576783,0.24837751041592845
4,284,0.6825396825396826,0.7559681697612732,0.9404761904761905,0.8042328042328042,0.06481481481481481,0.38492063492063494,0.8187830687830688,0.15873015873015872,0.8611111111111112,0.21122112211221122,0.76657824933687,0.3991825613079019,0.656084656084656,0.708994708994709,Cliff Levingston,0.5003095482807586,0.5255035140602671
5,285,0.7275132275132276,0.629973474801061,0.3941798941798942,0.15873015873015872,0.7103174603174603,0.7367724867724867,0.1335978835978836,0.28174603174603174,0.6957671957671958,0.9174917491749175,0.7254641909814323,0.10217983651226158,0.708994708994709,0.5727513227513228,Mike McGee,0.4615152199392481,0.14935893775150105
6,286,0.9417989417989417,0.7320954907161804,0.2552910052910053,0.35714285714285715,0.9920634920634921,0.9470899470899471,0.49867724867724866,0.7791005291005291,0.9708994708994709,0.5247524752475248,0.38726790450928383,0.8119891008174387,0.8293650793650794,0.8650793650793651,Doc Rivers,0.6018355695145999,1.5098861254858618
7,288,0.8253968253968254,0.6445623342175066,0.042328042328042326,0.46825396825396826,0.9894179894179894,0.9285714285714286,0.17989417989417988,0.9391534391534392,0.47619047619047616,0.49504950495049505,0.3302387267904509,0.5517711171662125,0.33465608465608465,0.3082010582010582,Spud Webb,0.4803656077991399,0.3321297565267807
8,289,0.9735449735449735,0.6790450928381963,0.626984126984127,0.43253968253968256,0.6441798941798942,0.6587301587301587,0.6005291005291006,0.06084656084656084,0.9894179894179894,0.740924092409241,0.5305039787798409,0.7861035422343324,0.9947089947089947,0.9523809523809523,Dominique Wilkins*,0.5812038791828729,1.3098440381465817
9,290,0.2275132275132275,0.09946949602122016,0.07671957671957672,0.19047619047619047,0.9828042328042328,0.5740740740740741,0.44576719576719576,0.9312169312169312,0.2037037037037037,0.7046204620462047,0.09283819628647215,0.22888283378746593,0.25793650793650796,0.291005291005291,Gus Williams,0.33440150855686684,-1.0831184669365406
10,291,0.8664021164021164,0.830238726790451,0.9497354497354498,0.9166666666666666,0.0873015873015873,0.3386243386243386,0.7037037037037037,0.3492063492063492,0.9285714285714286,0.636963696369637,0.8912466843501327,0.30926430517711173,0.8888888888888888,0.873015873015873,Kevin Willis,0.5797875961191908,1.2961119485423411
11,293,0.5582010582010583,0.6087533156498673,0.056878306878306875,0.041005291005291,0.6613756613756614,0.15873015873015872,0.3955026455026455,0.06481481481481481,0.7764550264550265,0.8267326732673267,0.7427055702917772,0.667574931880109,0.7671957671957672,0.7513227513227513,Randy Wittman,0.4217283480831874,-0.23640920663304058
12,1514,0.7275132275132276,0.8421750663129973,0.15079365079365079,0.28703703703703703,0.8134920634920635,0.6984126984126984,0.24867724867724866,0.36904761904761907,0.876984126984127,0.9570957095709571,0.6896551724137931,0.9482288828337875,0.8293650793650794,0.8386243386243386,Danny Ainge,0.5625651721636192,1.1291256482576486
13,1515,0.9867724867724867,0.9456233421750663,0.37433862433862436,0.8505291005291006,0.8968253968253969,0.7804232804232805,0.6640211640211641,0.28174603174603174,0.9947089947089947,0.933993399339934,0.9297082228116711,0.9591280653950953,0.9894179894179894,0.9629629629629629,Larry Bird*,0.7058157399003222,2.5180638361539662
14,1516,0.05555555555555555,0.0610079575596817,0.23941798941798942,0.2526455026455027,0.6296296296296297,0.38492063492063494,0.05952380952380952,0.8359788359788359,0.0291005291005291,0.7788778877887789,0.05172413793103448,0.4986376021798365,0.20634920634920634,0.2275132275132275,Rick Carlisle,0.27222461857206837,-1.6859772078753243
15,1518,0.167989417989418,0.14058355437665782,0.26587301587301587,0.35714285714285715,0.6785714285714286,0.38492063492063494,0.17989417989417988,0.36904761904761907,0.08994708994708994,0.9306930693069307,0.07957559681697612,0.10899182561307902,0.21957671957671956,0.1984126984126984,Conner Henry,0.26485380060510705,-1.757443664951863
16,1519,0.5753968253968254,0.3952254641909814,0.08994708994708994,0.24338624338624337,0.8716931216931217,0.43915343915343913,0.49867724867724866,0.47619047619047616,0.8187830687830688,0.4521452145214521,0.45490716180371354,0.8392370572207084,0.8386243386243386,0.9444444444444444,Dennis Johnson*,0.4662244499725805,0.1950189971301541
17,1520,0.09126984126984126,0.11007957559681697,0.8148148148148148,0.6613756613756614,0.12037037037037036,0.28174603174603174,0.9351851851851852,0.8055555555555556,0.38492063492063494,0.21122112211221122,0.22944297082228116,0.02452316076294278,0.23544973544973544,0.37566137566137564,Greg Kite,0.32706364399880555,-1.1542654122040459
18,1521,0.9814814814814815,0.9761273209549072,0.7962962962962963,0.7777777777777778,0.4470899470899471,0.051587301587301584,0.9087301587301587,0.19973544973544974,0.9920634920634921,0.21122112211221122,0.9761273209549072,0.8501362397820164,0.9814814814814815,0.9814814814814815,Kevin McHale*,0.609990359336495,1.5889538679517528
19,1522,0.876984126984127,0.8872679045092838,0.832010582010582,0.8968253968253969,0.3373015873015873,0.21825396825396826,0.8862433862433863,0.40343915343915343,0.9417989417989417,0.21122112211221122,0.9456233421750663,0.4128065395095368,0.9021164021164021,0.9603174603174603,Robert Parish*,0.5834594968853095,1.3317142032266083
20,1523,0.32275132275132273,0.9045092838196287,0.44841269841269843,0.5661375661375662,0.2843915343915344,0.21825396825396826,0.6005291005291006,0.8637566137566137,0.5555555555555556,0.21122112211221122,0.8262599469496021,0.7588555858310627,0.5026455026455027,0.5,Fred Roberts,0.47088532007642436,0.24021016515366742
21,1524,0.20899470899470898,0.6578249336870027,0.06481481481481481,0.03042328042328042,0.6534391534391535,0.3386243386243386,0.05952380952380952,0.32275132275132273,0.6044973544973545,0.6831683168316832,0.8381962864721485,0.9237057220708447,0.5343915343915344,0.6203703703703703,Jerry Sichting,0.39469037176813315,-0.498565778999581
22,1525,0.05291005291005291,0.07161803713527852,0.5291005291005291,0.716931216931217,0.06084656084656084,0.28174603174603174,0.05952380952380952,0.4193121693121693,0.08994708994708994,0.21122112211221122,0.2480106100795756,0.013623978201634877,0.11375661375661375,0.1111111111111111,David Thirdkill,0.19123652144018494,-2.471226876681406
23,1529,0.07804232804232804,0.03978779840848806,0.33994708994708994,0.28703703703703703,0.43915343915343913,0.3386243386243386,0.7037037037037037,0.08465608465608465,0.08994708994708994,0.9785478547854786,0.042440318302387266,0.04632152588555858,0.09656084656084656,0.10582010582010581,Scott Wedman,0.2376512970035913,-2.0211954717019585
24,2982,0.5132275132275133,0.8713527851458885,0.5423280423280423,0.5304232804232805,0.5714285714285714,0.43915343915343913,0.44576719576719576,0.716931216931217,0.7380952380952381,0.21122112211221122,0.9098143236074271,0.5694822888283378,0.6243386243386243,0.7037037037037037,Gene Banks,0.5122375760924658,0.6411560632663579
25,2985,0.24338624338624337,0.08620689655172414,0.1164021164021164,0.3002645502645503,0.8809523809523809,0.6984126984126984,0.5476190476190477,0.6243386243386243,0.23677248677248677,0.21122112211221122,0.08222811671087533,0.8705722070844687,0.24603174603174602,0.2857142857142857,Steve Colter,0.34296054910927826,-1.0001311638994752
26,2986,0.533068783068783,0.4535809018567639,0.7777777777777778,0.7698412698412699,0.5608465608465608,0.10714285714285714,0.8412698412698413,0.4828042328042328,0.7764550264550265,0.21122112211221122,0.5716180371352785,0.41689373297002724,0.6693121693121693,0.8042328042328042,Dave Corzine,0.4781221541728533,0.31037753268881857
27,2987,0.28174603174603174,0.2891246684350133,0.8783068783068783,0.5132275132275133,0.37566137566137564,0.07142857142857142,0.7037037037037037,0.3134920634920635,0.5211640211640212,0.21122112211221122,0.4761273209549072,0.07084468664850137,0.4074074074074074,0.5079365079365079,Earl Cureton,0.34089702428588,-1.0201388223274532
28,2989,0.9973544973544973,0.7957559681697612,0.4087301587301587,0.36772486772486773,0.8306878306878307,0.9682539682539683,0.8412698412698413,0.056878306878306875,1.0,0.5181518151815182,0.6419098143236074,0.8950953678474114,1.0,1.0,Michael Jordan*,0.6214541624281179,1.7001053568711177
29,2990,0.6494708994708994,0.20954907161803712,0.41534391534391535,0.15873015873015872,0.7671957671957672,0.9867724867724867,0.5476190476190477,0.28174603174603174,0.26587301587301587,0.21122112211221122,0.16976127320954906,0.1907356948228883,0.17989417989417988,0.167989417989418,Pete Myers,0.33559417762721255,-1.0715545084580602
30,2991,0.671957671957672,0.3620689655172414,0.8690476190476191,0.9894179894179894,0.6243386243386243,0.43915343915343913,0.49867724867724866,0.8306878306878307,0.7275132275132276,0.8927392739273927,0.3103448275862069,0.24795640326975477,0.8650793650793651,0.9576719576719577,Charles Oakley,0.5552654990782407,1.0583490023592783
31,2992,0.533068783068783,0.7029177718832891,0.031746031746031744,0.047619047619047616,0.8544973544973545,0.3386243386243386,0.17989417989417988,0.16666666666666666,0.8544973544973545,0.9042904290429042,0.7811671087533156,0.7506811989100818,0.783068783068783,0.8862433862433863,John Paxson,0.4619159365514754,0.15324423198830933
32,2993,0.45634920634920634,0.8183023872679045,0.503968253968254,0.3862433862433862,0.20634920634920634,0.15873015873015872,0.9656084656084656,0.031746031746031744,0.294973544973545,0.21122112211221122,0.8912466843501327,0.7861035422343324,0.16137566137566137,0.17989417989417988,Ben Poquette,0.3914811767538998,-0.5296817011079518
33,2994,0.58994708994709,0.3925729442970822,0.7870370370370371,0.6283068783068783,0.3544973544973545,0.38492063492063494,0.8412698412698413,0.16666666666666666,0.705026455026455,0.5429042904290429,0.3952254641909814,0.38419618528610355,0.6653439153439153,0.6825396825396826,Brad Sellers,0.4558609838146055,0.09453622674253905
34,2995,0.8148148148148148,0.553050397877984,0.037037037037037035,0.11243386243386243,0.9470899470899471,0.8835978835978836,0.49867724867724866,0.2605820105820106,0.5859788359788359,0.21122112211221122,0.773209549071618,0.7384196185286104,0.41534391534391535,0.3888888888888889,Sedale Threatt,0.45543041620973196,0.09036150130634324
35,2996,0.20899470899470898,0.22413793103448276,0.29894179894179895,0.39814814814814814,0.6441798941798942,0.5277777777777778,0.24867724867724866,0.13095238095238096,0.47619047619047616,0.4636963696369637,0.3620689655172414,0.4536784741144414,0.35978835978835977,0.45634920634920634,Elston Turner,0.31981550226359495,-1.2245424170800252
36,2997,0.10978835978835978,0.123342175066313,0.6388888888888888,0.44841269841269843,0.17328042328042328,0.15873015873015872,0.9417989417989417,0.4642857142857143,0.32275132275132273,0.21122112211221122,0.2480106100795756,0.08174386920980926,0.21428571428571427,0.31216931216931215,Granville Waiters,0.2757693332460088,-1.6516081323901817
37,4031,0.48412698412698413,0.3063660477453581,0.18518518518518517,0.3862433862433862,0.8571428571428571,0.6984126984126984,0.17989417989417988,0.6574074074074074,0.6428571428571429,0.7557755775577558,0.3103448275862069,0.8269754768392371,0.7037037037037037,0.783068783068783,John Bagley,0.4662956983134736,0.19570981143584393
38,4032,0.20105820105820105,0.16710875331564987,0.7156084656084656,0.6441798941798942,0.1626984126984127,0.6164021164021164,0.24867724867724866,0.26851851851851855,0.3531746031746032,0.636963696369637,0.08488063660477453,0.4250681198910082,0.24206349206349206,0.2698412698412698,Tyrone Corbin,0.31776014390413476,-1.2444708945748808
39,4034,0.4060846560846561,0.29973474801061006,0.503968253968254,0.5515873015873016,0.6084656084656085,0.7367724867724867,0.7817460317460317,0.7261904761904762,0.47619047619047616,0.5082508250825083,0.32360742705570295,0.2997275204359673,0.38095238095238093,0.43915343915343913,Craig Ehlo,0.4402185461694973,-0.057130739331977244
40,4035,0.8624338624338624,0.4336870026525199,0.42724867724867727,0.2619047619047619,0.8095238095238095,0.9391534391534392,0.7248677248677249,0.5582010582010583,0.7764550264550265,0.5643564356435643,0.4854111405835544,0.2438692098092643,0.9708994708994709,0.9854497354497355,Ron Harper,0.5372007746251156,0.8831958700318225
41,4036,0.4365079365079365,0.7493368700265252,0.7367724867724867,0.46296296296296297,0.4298941798941799,0.48677248677248675,0.17989417989417988,0.716931216931217,0.705026455026455,0.21122112211221122,0.8819628647214854,0.11444141689373297,0.716931216931217,0.7566137566137566,Phil Hubbard,0.4552436930298051,0.08855105853279331
42,4037,0.623015873015873,0.35013262599469497,0.8862433862433863,0.8584656084656085,0.5462962962962963,0.43915343915343913,0.876984126984127,0.6441798941798942,0.4497354497354497,0.21122112211221122,0.3673740053050398,0.3201634877384196,0.5171957671957672,0.4312169312169312,Keith Lee,0.4726774054946804,0.2575859837121178
43,4039,0.031746031746031744,0.03183023872679045,0.031746031746031744,0.27380952380952384,0.6296296296296297,0.8121693121693122,0.3955026455026455,0.8835978835978836,0.0291005291005291,0.21122112211221122,0.0636604774535809,0.010899182561307902,0.12037037037037036,0.1402116402116402,Dirk Minniefield,0.23501886523505655,-2.0467191751547062
44,4040,0.24338624338624337,0.253315649867374,0.44841269841269843,0.07407407407407407,0.23412698412698413,0.48677248677248675,0.44576719576719576,0.33994708994708994,0.26587301587301587,0.42574257425742573,0.28116710875331563,0.9100817438692098,0.4007936507936508,0.328042328042328,Johnny Newman,0.320630701060051,-1.2166383594765258
45,4041,0.29365079365079366,0.830238726790451,0.36243386243386244,0.6018518518518519,0.36243386243386244,0.07142857142857142,0.8968253968253969,0.4973544973544973,0.41798941798941797,0.21122112211221122,0.8196286472148541,0.6975476839237057,0.2275132275132275,0.2671957671957672,Ben Poquette,0.4193411774348469,-0.25955489133705867
46,4042,0.38227513227513227,0.3209549071618037,0.19973544973544974,0.21957671957671956,0.843915343915344,0.5740740740740741,0.17989417989417988,0.7473544973544973,0.4497354497354497,0.8052805280528053,0.1962864721485411,0.8392370572207084,0.5529100529100529,0.5343915343915344,Mark Price,0.42074865760365054,-0.24590815341451655
47,4044,0.4060846560846561,0.7188328912466844,0.8227513227513228,0.7619047619047619,0.13624338624338625,0.10714285714285714,0.9351851851851852,0.7843915343915344,0.5621693121693122,0.21122112211221122,0.9204244031830239,0.05449591280653951,0.5740740740740741,0.5582010582010583,Mark West,0.46632809461970326,0.19602392165250876
48,4045,0.8148148148148148,0.6870026525198939,0.7103174603174603,0.7103174603174603,0.34656084656084657,0.21825396825396826,0.9351851851851852,0.20899470899470898,0.9047619047619048,0.21122112211221122,0.6114058355437666,0.4673024523160763,0.8518518518518519,0.8955026455026455,Hot Rod,0.5118660175700099,0.6375534819360988
49,4651,0.9629629629629629,0.7771883289124668,0.6031746031746031,0.39285714285714285,0.6878306878306878,0.48677248677248675,0.44576719576719576,0.1388888888888889,0.9338624338624338,0.8663366336633663,0.773209549071618,0.5885558583106267,0.9867724867724867,0.8809523809523809,Mark Aguirre,0.5762786172564645,1.2620893626638703
50,4653,0.8915343915343915,0.8183023872679045,0.27645502645502645,0.18121693121693122,0.6177248677248677,0.28174603174603174,0.328042328042328,0.1388888888888889,0.9232804232804233,0.8267326732673267,0.6843501326259946,0.9264305177111717,0.9444444444444444,0.9113756613756614,Rolando Blackman,0.5226099362803821,0.7417250689689526
51,4654,0.6944444444444444,0.8010610079575596,0.08994708994708994,0.07407407407407407,0.9259259259259259,0.6587301587301587,0.328042328042328,0.7579365079365079,0.7566137566137566,0.7607260726072608,0.7480106100795756,0.9005449591280654,0.6031746031746031,0.6349206349206349,Brad Davis,0.53994876924409,0.9098400552991535
52,4656,0.9457671957671958,0.786472148541114,0.13095238095238096,0.09656084656084656,0.9616402116402116,0.9285714285714286,0.44576719576719576,0.18253968253968253,0.9537037037037037,0.8795379537953796,0.896551724137931,0.2438692098092643,0.873015873015873,0.8544973544973545,Derek Harper,0.5549966369868138,1.0557421517759917
53,4658,0.9457671957671958,0.8421750663129973,0.042328042328042326,0.31084656084656087,0.8478835978835979,0.9722222222222222,0.05952380952380952,0.6375661375661376,0.26587301587301587,0.7458745874587459,0.5570291777188329,0.9550408719346049,0.17063492063492064,0.11375661375661375,Dennis Nutt,0.4901843470713789,0.42733092848496984
54,4659,0.7923280423280423,0.6923076923076923,0.6587301587301587,0.7235449735449735,0.29365079365079366,0.6587301587301587,0.7341269841269841,0.15211640211640212,0.9047619047619048,0.8613861386138614,0.6339522546419099,0.8119891008174387,0.8624338624338624,0.8835978835978836,Sam Perkins,0.5853372311202789,1.3499204611624436
55,4660,0.6150793650793651,0.7771883289124668,0.4087301587301587,0.5793650793650794,0.5608465608465608,0.43915343915343913,0.3955026455026455,0.44047619047619047,0.7619047619047619,0.9603960396039604,0.5026525198938993,0.4536784741144414,0.6970899470899471,0.6746031746031746,Detlef Schrempf,0.5061375673781944,0.5820112013393564
56,4661,0.7275132275132276,0.4124668435013263,0.958994708994709,0.9748677248677249,0.15608465608465608,0.6587301587301587,0.9153439153439153,0.5317460317460317,0.6904761904761905,0.8267326732673267,0.46684350132625996,0.23433242506811988,0.5978835978835979,0.5687830687830688,Roy Tarpley,0.5434677103202163,0.9439592334553781
57,4662,0.14814814814814814,0.3819628647214854,0.832010582010582,0.6283068783068783,0.17328042328042328,0.28174603174603174,0.6005291005291006,0.8306878306878307,0.32275132275132273,0.21122112211221122,0.22944297082228116,0.4986376021798365,0.2843915343915344,0.31746031746031744,Bill Wennington,0.36154109411251106,-0.819976705074919
58,4663,0.5753968253968254,0.2891246684350133,0.4801587301587302,0.3505291005291005,0.27645502645502645,0.43915343915343913,0.578042328042328,0.03835978835978836,0.4298941798941799,0.7128712871287128,0.13925729442970822,0.6471389645776566,0.46296296296296297,0.335978835978836,Al Wood,0.3612896397015648,-0.8224147731356347
59,5322,0.5026455026455027,0.5278514588859416,0.4801587301587302,0.6124338624338624,0.4007936507936508,0.15873015873015872,0.7037037037037037,0.1164021164021164,0.5211640211640212,0.5874587458745875,0.6684350132625995,0.20708446866485014,0.5714285714285714,0.5105820105820106,Mark Alarie,0.4038860002765531,-0.40940620498289754
60,5323,0.38227513227513227,0.28116710875331563,0.8227513227513228,0.9312169312169312,0.1865079365079365,0.03968253968253968,0.9457671957671958,0.24735449735449735,0.5740740740740741,0.21122112211221122,0.3448275862068966,0.37193460490463215,0.5912698412698413,0.6150793650793651,Wayne Cooper,0.3953366595251017,-0.4922994600578411
61,5324,0.14417989417989419,0.16445623342175067,0.33465608465608465,0.41005291005291006,0.37566137566137564,0.8121693121693122,0.44576719576719576,0.09523809523809523,0.6150793650793651,0.21122112211221122,0.22944297082228116,0.1989100817438692,0.3783068783068783,0.7275132275132276,T.R. Dunn,0.29434276794741493,-1.4715226140933353
62,5325,0.9563492063492064,0.713527851458886,0.33994708994708994,0.19973544973544974,0.8253968253968254,0.28174603174603174,0.328042328042328,0.056878306878306875,0.9259259259259259,0.6798679867986799,0.7347480106100795,0.8664850136239782,0.9973544973544973,0.9920634920634921,Alex English*,0.5270669682578191,0.784939850005741
63,5326,0.6071428571428571,0.5623342175066313,0.14153439153439154,0.1402116402116402,0.7103174603174603,0.8121693121693122,0.328042328042328,0.24735449735449735,0.5621693121693122,0.7838283828382838,0.7254641909814323,0.6280653950953679,0.7275132275132276,0.6256613756613757,Mike Evans,0.46507648085844944,0.1838884433994856
64,5327,0.6349206349206349,0.5278514588859416,0.28835978835978837,0.39814814814814814,0.7407407407407407,0.6984126984126984,0.5476190476190477,0.294973544973545,0.7275132275132276,0.6947194719471947,0.21352785145888595,0.6566757493188011,0.7936507936507936,0.7433862433862434,Bill Hanzlik,0.4811408770632965,0.33964666276947403
65,5328,0.9603174603174603,0.5212201591511937,0.5423280423280423,0.8373015873015873,0.906084656084656,0.9126984126984127,0.44576719576719576,0.09788359788359788,0.9603174603174603,0.6138613861386139,0.6220159151193634,0.6403269754768393,0.9298941798941799,0.9788359788359788,Fat Lever,0.5993344685652403,1.4856357879462971
66,5329,0.20899470899470898,0.15119363395225463,0.3082010582010582,0.4947089947089947,0.6984126984126984,0.7367724867724867,0.6375661375661376,0.6243386243386243,0.05423280423280423,0.5429042904290429,0.13925729442970822,0.1539509536784741,0.2751322751322751,0.22486772486772486,Maurice Martin,0.3350443973899512,-1.0768851035024483
67,5333,0.15476190476190477,0.13527851458885942,0.8055555555555556,0.48677248677248675,0.7314814814814815,0.03306878306878307,0.24867724867724866,0.716931216931217,0.05423280423280423,0.21122112211221122,0.21883289124668434,0.08719346049046321,0.20105820105820105,0.18253968253968253,Otis Smith,0.27233771139852675,-1.6848806750801881
68,5334,0.7817460317460317,0.7029177718832891,0.626984126984127,0.373015873015873,0.7579365079365079,0.8835978835978836,0.6005291005291006,0.671957671957672,0.75,0.21122112211221122,0.6114058355437666,0.4673024523160763,0.8002645502645502,0.746031746031746,Darrell Walker,0.5492585951924727,1.000106872294558
69,6284,0.11772486772486772,0.10610079575596817,0.5423280423280423,0.5079365079365079,0.33201058201058203,0.5740740740740741,0.17989417989417988,0.6865079365079365,0.0291005291005291,0.21122112211221122,0.15119363395225463,0.12806539509536785,0.25793650793650796,0.24338624338624337,Tony Campbell,0.254939611628602,-1.8535703043715295
70,6285,0.9140211640211641,0.9522546419098143,0.31746031746031744,0.3425925925925926,0.3941798941798942,0.28174603174603174,0.1335978835978836,0.18915343915343916,0.9708994708994709,0.49504950495049505,0.8859416445623343,0.7670299727520435,0.9523809523809523,0.9047619047619048,Adrian Dantley*,0.5064205006804288,0.5847544844851743
71,6286,0.45634920634920634,0.6790450928381963,0.14153439153439154,0.047619047619047616,0.783068783068783,0.5277777777777778,0.1335978835978836,0.6124338624338624,0.7764550264550265,0.9405940594059405,0.6684350132625995,0.4822888283378747,0.7857142857142857,0.8253968253968254,Joe Dumars*,0.46899421722632506,0.22187428692824726
72,6287,0.5582010582010583,0.47214854111405835,0.906084656084656,0.9748677248677249,0.14153439153439154,0.28174603174603174,0.7341269841269841,0.6494708994708994,0.716931216931217,0.21122112211221122,0.5305039787798409,0.22070844686648503,0.6468253968253969,0.6957671957671958,Sidney Green,0.469624696577397,0.22798732969812646
73,6288,0.8478835978835979,0.37002652519893897,0.4603174603174603,0.12169312169312169,0.8201058201058201,0.6984126984126984,0.328042328042328,0.08465608465608465,0.8095238095238095,0.7293729372937293,0.4323607427055703,0.6566757493188011,0.8703703703703703,0.7791005291005291,Vinnie Johnson,0.4819627497014887,0.3476154290425015
74,6289,0.8664021164021164,0.7692307692307693,0.7513227513227513,0.9682539682539683,0.29365079365079366,0.3386243386243386,0.7037037037037037,0.07407407407407407,0.9788359788359788,0.7293729372937293,0.7480106100795756,0.9455040871934605,0.8862433862433863,0.9312169312169312,Bill Laimbeer,0.603548634327243,1.5264957709079638
75,6293,0.2526455026455027,0.553050397877984,0.7103174603174603,0.5211640211640212,0.07936507936507936,0.07142857142857142,0.8862433862433863,0.5092592592592593,0.32275132275132273,0.21122112211221122,0.46684350132625996,0.4986376021798365,0.21693121693121692,0.21164021164021163,Kurt Nimphius,0.3533238962401407,-0.8996495475826931
76,6294,0.7579365079365079,0.7771883289124668,0.9682539682539683,0.6759259259259259,0.2619047619047619,0.5277777777777778,0.8558201058201058,0.671957671957672,0.6746031746031746,0.21122112211221122,0.9204244031830239,0.10626702997275204,0.5648148148148148,0.5211640211640212,Dennis Rodman*,0.5316063728783441,0.8289533050822251
77,6295,0.45634920634920634,0.8952254641909815,0.671957671957672,0.5793650793650794,0.1455026455026455,0.43915343915343913,0.9761904761904762,0.6375661375661376,0.75,0.21122112211221122,0.9535809018567639,0.12534059945504086,0.5291005291005291,0.58994708994709,John Salley,0.49137021818667886,0.43882897490800876
78,6298,0.921957671957672,0.5941644562334217,0.21031746031746032,0.31084656084656087,0.9867724867724867,0.8333333333333334,0.328042328042328,0.7261904761904762,0.9113756613756614,0.528052805280528,0.5994694960212201,0.5749318801089919,0.9417989417989417,0.9656084656084656,Isiah Thomas*,0.5644835705519389,1.1477261803409375
79,7101,0.4060846560846561,0.27718832891246686,0.5171957671957672,0.7380952380952381,0.421957671957672,0.48677248677248675,0.3955026455026455,0.12301587301587301,0.5476190476190477,0.9141914191419142,0.29442970822281167,0.4782016348773842,0.6058201058201058,0.6322751322751323,Greg Ballard,0.4137383055478713,-0.3138795816239039
80,7103,0.951058201058201,0.9363395225464191,0.10185185185185185,0.2526455026455027,0.9828042328042328,0.7804232804232805,0.24867724867724866,0.7473544973544973,0.9629629629629629,0.9240924092409241,0.7917771883289124,0.9005449591280654,0.9193121693121693,0.9854497354497355,Sleepy Floyd,0.6333229350889512,1.8151833761247018
81,7105,0.6613756613756614,0.9416445623342176,0.3835978835978836,0.5264550264550265,0.37566137566137564,0.38492063492063494,0.5476190476190477,0.32275132275132273,0.7447089947089947,0.5115511551155115,0.8819628647214854,0.8392370572207084,0.6468253968253969,0.6005291005291006,Rod Higgins,0.5178873988871511,0.6959359832231772
82,7106,0.1283068783068783,0.23342175066312998,0.3888888888888889,0.43253968253968256,0.37566137566137564,0.21825396825396826,0.328042328042328,0.1111111111111111,0.38492063492063494,0.4636963696369637,0.4217506631299735,0.14713896457765668,0.4576719576719577,0.544973544973545,Ben McDonald,0.2727603048936366,-1.6807832655369777
83,7107,0.26455026455026454,0.3209549071618037,0.328042328042328,0.44047619047619047,0.7208994708994709,0.8981481481481481,0.17989417989417988,0.8121693121693122,0.294973544973545,0.429042904290429,0.4442970822281167,0.31607629427792916,0.34656084656084657,0.3544973544973545,Perry Moss,0.3864056982448376,-0.578892856319851
84,7108,0.7817460317460317,0.8713527851458885,0.07671957671957672,0.1402116402116402,0.6984126984126984,0.6587301587301587,0.578042328042328,0.3055555555555556,0.8187830687830688,0.7607260726072608,0.8580901856763926,0.8010899182561307,0.8756613756613757,0.8174603174603174,Chris Mullin*,0.5483414263698737,0.9912141270679072
85,7109,0.9140211640211641,0.6790450928381963,0.4603174603174603,0.376984126984127,0.6177248677248677,0.7804232804232805,0.328042328042328,0.1388888888888889,0.5965608465608465,0.6056105610561056,0.6273209549071618,0.8910081743869209,0.6375661375661376,0.4656084656084656,Purvis Short,0.510234258914499,0.6217321700496765
86,7110,0.4060846560846561,0.2692307692307692,0.6812169312169312,0.3862433862433862,0.7367724867724867,0.6164021164021164,0.17989417989417988,0.6005291005291006,0.23677248677248677,0.21122112211221122,0.2480106100795756,0.4986376021798365,0.23809523809523808,0.24603174603174602,Clinton Smith,0.35394071237419833,-0.8936689815225441
87,7111,0.671957671957672,0.786472148541114,0.9722222222222222,0.9656084656084656,0.1626984126984127,0.43915343915343913,0.7037037037037037,0.7063492063492064,0.8293650793650794,0.21122112211221122,0.9297082228116711,0.08991825613079019,0.6772486772486772,0.8148148148148148,Larry Smith,0.543041775193511,0.9398294239028268
88,7112,0.5753968253968254,0.46153846153846156,0.328042328042328,0.19973544973544974,0.4351851851851852,0.6587301587301587,0.3955026455026455,0.19973544973544974,0.49603174603174605,0.21122112211221122,0.4323607427055703,0.6171662125340599,0.7751322751322751,0.6534391534391535,Terry Teagle,0.3857185734921577,-0.5855551252652703
89,7113,0.0701058201058201,0.058355437665782495,0.8148148148148148,0.8267195767195767,0.19444444444444445,0.07142857142857142,0.6375661375661376,0.791005291005291,0.005291005291005291,0.21122112211221122,0.123342175066313,0.01634877384196185,0.24867724867724866,0.25396825396825395,Chris Washburn,0.27128802791594525,-1.6950582645808536
90,7114,0.3333333333333333,0.376657824933687,0.9338624338624338,0.8015873015873016,0.0873015873015873,0.10714285714285714,0.49867724867724866,0.2222222222222222,0.47619047619047616,0.21122112211221122,0.3448275862068966,0.27520435967302453,0.4722222222222222,0.4603174603174603,Jerome Whitehead,0.3426967050310335,-1.0026893605036102
91,7864,0.6071428571428571,0.246684350132626,0.701058201058201,0.8465608465608465,0.6732804232804233,0.28174603174603174,0.44576719576719576,0.17592592592592593,0.32275132275132273,0.636963696369637,0.3103448275862069,0.5367847411444142,0.2698412698412698,0.23544973544973544,Richard Anderson,0.40365677928713056,-0.4116287007866244
92,7865,0.28174603174603174,0.33819628647214856,0.705026455026455,0.746031746031746,0.2261904761904762,0.15873015873015872,0.3955026455026455,0.44047619047619047,0.32275132275132273,0.21122112211221122,0.2612732095490716,0.47275204359673023,0.3439153439153439,0.2962962962962963,Dave Feitl,0.3269208688067022,-1.1556497412139042
93,7866,0.5476190476190477,0.22413793103448276,0.503968253968254,0.36243386243386244,0.5687830687830688,0.48677248677248675,0.5476190476190477,0.10317460317460317,0.49603174603174605,0.21122112211221122,0.1989389920424403,0.888283378746594,0.626984126984127,0.5264550264550265,Steve Harris,0.38439784448813147,-0.5983607355922465
94,7867,0.026455026455026454,0.034482758620689655,0.01455026455026455,0.3187830687830688,0.48677248677248675,0.5277777777777778,0.05952380952380952,0.8121693121693122,0.0291005291005291,0.4389438943894389,0.03978779840848806,0.279291553133515,0.10846560846560846,0.1164021164021164,Conner Henry,0.21174025921000109,-2.272425400128422
95,7868,0.4365079365079365,0.4336870026525199,0.6587301587301587,0.4365079365079365,0.49867724867724866,0.5277777777777778,0.7486772486772487,0.44047619047619047,0.38492063492063494,0.21122112211221122,0.4854111405835544,0.2561307901907357,0.33994708994708994,0.30423280423280424,Buck Johnson,0.3905781518507496,-0.5384373087988896
96,7869,0.4748677248677249,0.4204244031830239,0.047619047619047616,0.026455026455026454,0.8624338624338624,0.7804232804232805,0.3955026455026455,0.38095238095238093,0.6150793650793651,0.7887788778877888,0.21883289124668434,0.8623978201634878,0.5171957671957672,0.5291005291005291,Allen Leavell,0.4260642062006724,-0.19436931100244034
97,7870,0.7817460317460317,0.8183023872679045,0.1164021164021164,0.062169312169312166,0.794973544973545,0.38492063492063494,0.328042328042328,0.33994708994708994,0.5357142857142857,0.4752475247524752,0.8992042440318302,0.5286103542234333,0.4973544973544973,0.3492063492063492,Lewis Lloyd,0.437508956769699,-0.08340255277299785
98,7871,0.7275132275132276,0.9708222811671088,0.7685185185185185,0.6375661375661376,0.533068783068783,0.07142857142857142,0.24867724867724866,0.5582010582010583,0.6746031746031746,0.21122112211221122,0.9363395225464191,0.5953678474114441,0.4351851851851852,0.414021164021164,Cedric Maxwell,0.4912341785332726,0.43750995277309185
99,7872,0.7724867724867724,0.9456233421750663,0.503968253968254,0.5793650793650794,0.7698412698412699,0.38492063492063494,0.6005291005291006,0.7328042328042328,0.9537037037037037,0.21122112211221122,0.9496021220159151,0.6226158038147139,0.8544973544973545,0.9973544973544973,Rodney McCray,0.5920785861489539,1.415283730470413
100,7873,0.3492063492063492,0.4469496021220159,0.1164021164021164,0.23148148148148148,0.9298941798941799,0.7367724867724867,0.17989417989417988,0.917989417989418,0.5066137566137566,0.7953795379537953,0.5570291777188329,0.30926430517711173,0.5608465608465608,0.5952380952380952,Dirk Minniefield,0.44251487680481894,-0.034865827144706006
101,7874,0.9775132275132276,0.7400530503978779,0.9338624338624338,0.9074074074074074,0.5608465608465608,0.8333333333333334,0.9828042328042328,0.3055555555555556,0.9841269841269841,0.5429042904290429,0.76657824933687,0.29155313351498635,0.955026455026455,0.9153439153439153,Hakeem Olajuwon*,0.6521043276103311,1.9972852254015698
102,7875,0.5211640211640212,0.6923076923076923,0.671957671957672,0.753968253968254,0.29365079365079366,0.15873015873015872,0.8558201058201058,0.5264550264550265,0.8055555555555556,0.21122112211221122,0.8050397877984085,0.3787465940054496,0.7804232804232805,0.8201058201058201,Jim Petersen,0.4970026709299085,0.4934404771882097
103,7876,0.3941798941798942,0.253315649867374,0.10185185185185185,0.41005291005291006,0.7275132275132276,0.43915343915343913,0.3955026455026455,0.046296296296296294,0.7671957671957672,0.7986798679867987,0.2480106100795756,0.5749318801089919,0.8174603174603174,0.8677248677248677,Robert Reid,0.3982762904832727,-0.4637971946872043
104,7877,0.7486772486772487,0.5384615384615384,0.58994708994709,0.9497354497354498,0.593915343915344,0.43915343915343913,0.8664021164021164,0.5912698412698413,0.5965608465608465,0.21122112211221122,0.6485411140583555,0.1362397820163488,0.6587301587301587,0.5555555555555556,Ralph Sampson*,0.5045903394026658,0.5670094875273526
105,7878,0.5978835978835979,0.23342175066312998,0.83994708994709,0.3002645502645503,0.6111111111111112,0.8835978835978836,0.17989417989417988,0.2222222222222222,0.47619047619047616,0.21122112211221122,0.28116710875331563,0.5217983651226158,0.4603174603174603,0.3915343915343915,Mitchell Wiggins,0.3879357945386563,-0.5640572489835537
106,8541,0.8015873015873016,0.6087533156498673,0.8558201058201058,0.5158730158730159,0.49867724867724866,0.7367724867724867,0.24867724867724866,0.4193121693121693,0.5211640211640212,0.21122112211221122,0.5875331564986738,0.667574931880109,0.46825396825396826,0.36243386243386244,Ron Anderson,0.4760813394852285,0.2905900686749115
107,8544,0.7817460317460317,0.830238726790451,0.33465608465608465,0.39285714285714285,0.8664021164021164,0.7367724867724867,0.328042328042328,0.5912698412698413,0.8888888888888888,0.5429042904290429,0.7997347480106101,0.6784741144414169,0.7962962962962963,0.8518518518518519,Vern Fleming,0.571218873106849,1.2130307656794395
108,8546,0.26455026455026454,0.09549071618037135,0.921957671957672,0.21957671957671956,0.593915343915344,0.9761904761904762,0.05952380952380952,0.4828042328042328,0.2037037037037037,0.9785478547854786,0.058355437665782495,0.4986376021798365,0.09656084656084656,0.09523809523809523,Clark Kellogg,0.3633209786396358,-0.8027191847116267
109,8547,0.623015873015873,0.2572944297082228,0.25925925925925924,0.18121693121693122,0.7314814814814815,0.7367724867724867,0.17989417989417988,0.14682539682539683,0.5859788359788359,0.7227722772277227,0.20822281167108753,0.9373297002724795,0.8677248677248677,0.798941798941799,John Long,0.42918590206992163,-0.16410176880485708
110,8548,0.4246031746031746,0.5742705570291777,0.1164021164021164,0.2619047619047619,0.8201058201058201,0.8121693121693122,0.24867724867724866,0.4193121693121693,0.6150793650793651,0.7673267326732673,0.7599469496021221,0.8188010899182562,0.47619047619047616,0.5396825396825397,Kyle Macy,0.4743193182444846,0.2735057483275608
111,8549,0.7658730158730159,0.5384615384615384,0.4365079365079365,0.8505291005291006,0.667989417989418,0.48677248677248675,0.24867724867724866,0.28174603174603174,0.8293650793650794,0.8712871287128713,0.5782493368700266,0.4782016348773842,0.9193121693121693,0.9484126984126984,Chuck Person,0.5301981417129539,0.815299285598049
112,8550,0.533068783068783,0.4124668435013263,0.28835978835978837,0.21031746031746032,0.8518518518518519,0.5740740740740741,0.24867724867724866,0.4894179894179894,0.5859788359788359,0.8663366336633663,0.4946949602122016,0.7098092643051771,0.5687830687830688,0.5661375661375662,Clint Richardson,0.45558912014741143,0.09190027328536737
113,8551,0.21957671957671956,0.11671087533156499,0.27645502645502645,0.3002645502645503,0.9682539682539683,0.6587301587301587,0.44576719576719576,0.9351851851851852,0.05423280423280423,0.4636963696369637,0.1816976127320955,0.391008174386921,0.2843915343915344,0.30158730158730157,Walker Russell,0.3530646783296458,-0.9021628894881497
114,8552,0.7923280423280423,0.8793103448275862,0.5542328042328042,0.8637566137566137,0.4074074074074074,0.6587301587301587,0.8015873015873016,0.28174603174603174,0.9378306878306878,0.636963696369637,0.7347480106100795,0.8542234332425068,0.8412698412698413,0.917989417989418,Steve Stipanovich,0.6162756249292466,1.649894955591203
115,8553,0.8227513227513228,0.7612732095490716,0.8505291005291006,0.5740740740740741,0.34656084656084657,0.28174603174603174,0.49867724867724866,0.2222222222222222,0.8412698412698413,0.21122112211221122,0.8090185676392573,0.30926430517711173,0.8571428571428571,0.7751322751322751,Wayman Tisdale,0.4923833832967464,0.4486524871931642
116,8555,0.6613756613756614,0.553050397877984,0.4365079365079365,0.7843915343915344,0.45105820105820105,0.28174603174603174,0.8187830687830688,0.2552910052910053,0.8055555555555556,0.21122112211221122,0.6114058355437666,0.44686648501362397,0.843915343915344,0.8465608465608465,Herb Williams,0.47741121194479497,0.3034843327138399
117,9297,0.5132275132275133,0.40185676392572944,0.4365079365079365,0.9603174603174603,0.38756613756613756,0.38492063492063494,0.9722222222222222,0.7579365079365079,0.4497354497354497,0.21122112211221122,0.33687002652519893,0.3460490463215259,0.7301587301587301,0.7883597883597884,Benoit Benjamin,0.45923930343181724,0.12729195819547925
118,9298,0.8584656084656085,0.8620689655172413,0.917989417989418,0.9457671957671958,0.25132275132275134,0.5277777777777778,0.6640211640211641,0.39021164021164023,0.8915343915343915,0.21122112211221122,0.830238726790451,0.391008174386921,0.8809523809523809,0.9417989417989417,Michael Cage,0.5748386211232768,1.248127354335334
119,9299,0.5026455026455027,0.4469496021220159,0.8862433862433863,0.7698412698412699,0.36243386243386244,0.21825396825396826,0.791005291005291,0.20899470899470898,0.47619047619047616,0.21122112211221122,0.6339522546419099,0.0776566757493188,0.37566137566137564,0.42857142857142855,Earl Cureton,0.3974032997263532,-0.4722615953462973
120,9300,0.4365079365079365,0.20954907161803712,0.27645502645502645,0.10449735449735449,0.6018518518518519,0.7804232804232805,0.3955026455026455,0.18915343915343916,0.0291005291005291,0.4438943894389439,0.17374005305039789,0.5749318801089919,0.582010582010582,0.4523809523809524,Quintin Dailey,0.3198412026479345,-1.2242932296190834
121,9301,0.5674603174603174,0.32891246684350134,0.06481481481481481,0.08333333333333333,0.9365079365079365,0.6164021164021164,0.1335978835978836,0.6124338624338624,0.2037037037037037,0.49504950495049505,0.4217506631299735,0.8542234332425068,0.6904761904761905,0.6203703703703703,Larry Drew,0.40057774845977573,-0.4414825684912436
122,9302,0.45634920634920634,0.38726790450928383,0.6031746031746031,0.5026455026455027,0.48148148148148145,0.5740740740740741,0.49867724867724866,0.23941798941798942,0.38492063492063494,0.636963696369637,0.35013262599469497,0.7506811989100818,0.4828042328042328,0.42592592592592593,Kenny Fields,0.4232393599552447,-0.22175863927666842
123,9303,0.38227513227513227,0.15119363395225463,0.41798941798941797,0.12169312169312169,0.7804232804232805,0.8558201058201058,0.49867724867724866,0.5092592592592593,0.005291005291005291,0.740924092409241,0.1816976127320955,0.4250681198910082,0.5846560846560847,0.5158730158730159,Lancaster Gordon,0.3769978743379504,-0.6701098483062056
124,9304,0.18783068783068782,0.246684350132626,0.05026455026455026,0.018518518518518517,0.951058201058201,0.48677248677248675,0.05952380952380952,0.9351851851851852,0.013227513227513227,0.9785478547854786,0.35543766578249336,0.0653950953678474,0.24206349206349206,0.26455026455026454,Geoff Huston,0.3060339607008593,-1.3581663856757142
125,9305,0.6494708994708994,0.2692307692307692,0.21031746031746032,0.376984126984127,0.6613756613756614,0.6587301587301587,0.578042328042328,0.051587301587301584,0.2037037037037037,0.21122112211221122,0.3673740053050398,0.3337874659400545,0.291005291005291,0.23015873015873015,Marques Johnson,0.324188686253667,-1.1821406148220954
126,9306,0.0582010582010582,0.1816976127320955,0.4801587301587302,0.6124338624338624,0.06878306878306878,0.6164021164021164,0.3955026455026455,0.7579365079365079,0.05423280423280423,0.21122112211221122,0.28116710875331563,0.06267029972752043,0.1931216931216931,0.2037037037037037,Steffond Johnson,0.26490190867317526,-1.7569772156110919
127,9307,0.26455026455026454,0.6790450928381963,0.6164021164021164,0.7023809523809523,0.31216931216931215,0.6587301587301587,0.49867724867724866,0.544973544973545,0.49603174603174605,0.21122112211221122,0.5159151193633952,0.26430517711171664,0.3968253968253968,0.45634920634920634,Tim Kempton,0.41074848347775067,-0.34286849324789426
128,9309,0.20899470899470898,0.46816976127320953,0.5740740740740741,0.4748677248677249,0.07275132275132275,0.15873015873015872,0.9034391534391535,0.4193121693121693,0.26587301587301587,0.21122112211221122,0.5570291777188329,0.17574931880108993,0.40476190476190477,0.40476190476190477,Kurt Nimphius,0.32633157418063846,-1.1613634624437312
129,9311,0.6944444444444444,0.2692307692307692,0.13095238095238096,0.24338624338624337,0.9788359788359788,0.9285714285714286,0.24867724867724866,0.7407407407407407,0.4497354497354497,0.594059405940594,0.20291777188328913,0.773841961852861,0.6851851851851852,0.6851851851851852,Darnell Valentine,0.46270526729577427,0.16089747644631672
130,9312,0.3333333333333333,0.46816976127320953,0.421957671957672,0.28703703703703703,0.31216931216931215,0.43915343915343913,0.49867724867724866,0.1388888888888889,0.4298941798941799,0.21122112211221122,0.5941644562334217,0.19346049046321526,0.6428571428571429,0.6058201058201058,Rory White,0.3313989389366875,-1.1122309770869345
131,9313,0.6349206349206349,0.4204244031830239,0.23941798941798942,0.05555555555555555,0.6613756613756614,0.7804232804232805,0.328042328042328,0.23148148148148148,0.41798941798941797,0.6996699669966997,0.3753315649867374,0.8119891008174387,0.8835978835978836,0.7645502645502645,Mike Woodson,0.43601461791920887,-0.09789146076055769
132,10185,0.8822751322751323,0.9098143236074271,0.58994708994709,0.7023809523809523,0.5198412698412699,0.15873015873015872,0.8187830687830688,0.44047619047619047,0.9047619047619048,0.8267326732673267,0.9575596816976127,0.3337874659400545,0.8968253968253969,0.828042328042328,Kareem Abdul-Jabbar*,0.5961276872355724,1.454543268597995
133,10186,0.921957671957672,0.850132625994695,0.9272486772486772,0.6124338624338624,0.45105820105820105,0.9629629629629629,0.5476190476190477,0.6243386243386243,0.38492063492063494,0.21122112211221122,0.7811671087533156,0.6171662125340599,0.25793650793650796,0.19576719576719576,Adrian Branch,0.5433442173246982,0.9427618620234676
134,10188,0.6494708994708994,0.6445623342175066,0.2208994708994709,0.35714285714285715,0.794973544973545,0.5277777777777778,0.623015873015873,0.18915343915343916,0.8611111111111112,0.9273927392739274,0.4005305039787798,0.885558583106267,0.75,0.7962962962962963,Michael Cooper,0.5221059422747636,0.7368384110524476
135,10189,0.7724867724867724,0.916445623342175,0.8690476190476191,0.8373015873015873,0.14153439153439154,0.48677248677248675,0.791005291005291,0.294973544973545,0.9113756613756614,0.21122112211221122,0.9045092838196287,0.6280653950953679,0.746031746031746,0.791005291005291,A.C. Green,0.5673847016598988,1.1758551563555097
136,10190,0.9894179894179894,0.9244031830238727,0.36243386243386244,0.5912698412698413,0.9947089947089947,0.7804232804232805,0.49867724867724866,0.5740740740740741,0.9973544973544973,0.5610561056105611,0.870026525198939,0.8801089918256131,0.9775132275132276,0.9391534391534392,Magic Johnson*,0.6667645214354668,2.139428487850056
137,10191,0.4246031746031746,0.4986737400530504,0.19973544973544974,0.1402116402116402,0.8478835978835979,0.6984126984126984,0.328042328042328,0.8452380952380952,0.3531746031746032,0.8267326732673267,0.5570291777188329,0.7452316076294278,0.32275132275132273,0.3082010582010582,Wes Matthews,0.45251467391476985,0.06209085719286999
138,10193,0.8015873015873016,0.786472148541114,0.19444444444444445,0.3306878306878307,0.6018518518518519,0.7804232804232805,0.328042328042328,0.12301587301587301,0.9153439153439153,0.9504950495049505,0.6763925729442971,0.9427792915531336,0.8994708994708994,0.9021164021164021,Byron Scott,0.5554004524940813,1.059657492481234
139,10195,0.533068783068783,0.8050397877984085,0.8505291005291006,0.5978835978835979,0.4603174603174603,0.15873015873015872,0.8187830687830688,0.671957671957672,0.5357142857142857,0.21122112211221122,0.9204244031830239,0.18119891008174388,0.4351851851851852,0.3835978835978836,Billy Thompson,0.47867023568964656,0.3156916571686146
140,10196,0.5132275132275133,0.6087533156498673,0.6812169312169312,0.5873015873015873,0.18253968253968253,0.21825396825396826,0.8664021164021164,0.5370370370370371,0.4298941798941799,0.21122112211221122,0.5875331564986738,0.4591280653950954,0.43915343915343913,0.34656084656084657,Mychal Thompson,0.42144414097882016,-0.23916484039257033
141,10197,0.9007936507936508,0.8554376657824934,0.503968253968254,0.4947089947089947,0.5119047619047619,0.6164021164021164,0.7341269841269841,0.15873015873015872,0.9457671957671958,0.21122112211221122,0.9098143236074271,0.5149863760217984,0.9365079365079365,0.9285714285714286,James Worthy*,0.5529579693622655,1.0359755053961497
142,11706,0.28174603174603174,0.14058355437665782,0.27645502645502645,0.3505291005291005,0.421957671957672,0.9947089947089947,0.3955026455026455,0.294973544973545,0.5476190476190477,0.6666666666666666,0.11140583554376658,0.7588555858310627,0.328042328042328,0.4444444444444444,Dudley Bradley,0.37126973559683635,-0.7256491091189443
143,11708,0.35978835978835977,0.3129973474801061,0.26587301587301587,0.4246031746031746,0.5462962962962963,0.28174603174603174,0.24867724867724866,0.0291005291005291,0.3531746031746032,0.49504950495049505,0.5159151193633952,0.726158038147139,0.30687830687830686,0.2619047619047619,Junior Bridgeman,0.32441717173858015,-1.179925250370911
144,11710,0.9563492063492064,0.6445623342175066,0.6957671957671958,0.8716931216931217,0.5886243386243386,0.7804232804232805,0.7671957671957672,0.09259259259259259,0.9312169312169312,0.21122112211221122,0.7917771883289124,0.20435967302452315,0.9470899470899471,0.9232804232804233,Terry Cummings,0.5655248465757023,1.1578222522546222
145,11716,0.45634920634920634,0.8090185676392573,0.16005291005291006,0.037037037037037035,0.6732804232804233,0.5740740740740741,0.17989417989417988,0.4642857142857143,0.7857142857142857,0.9108910891089109,0.7546419098143236,0.9400544959128065,0.7394179894179894,0.7671957671957672,Craig Hodges,0.49898079217207464,0.5126200740089591
146,11717,0.9391534391534392,0.6525198938992043,0.14153439153439154,0.28703703703703703,0.9404761904761905,0.8558201058201058,0.24867724867724866,0.18915343915343916,0.7857142857142857,0.8861386138613861,0.5782493368700266,0.667574931880109,0.6931216931216931,0.5608465608465608,John Lucas,0.5243447071465704,0.7585451733592378
147,11719,0.1349206349206349,0.2612732095490716,0.6388888888888888,0.7301587301587301,0.13227513227513227,0.43915343915343913,0.6640211640211641,0.26851851851851855,0.4497354497354497,0.21122112211221122,0.15517241379310345,0.3555858310626703,0.2777777777777778,0.3253968253968254,Paul Mokeski,0.31458015413111945,-1.2753036466026346
148,11720,0.7923280423280423,0.8793103448275862,0.4603174603174603,0.27380952380952384,0.7248677248677249,0.38492063492063494,0.44576719576719576,0.39814814814814814,0.6746031746031746,0.6600660066006601,0.7917771883289124,0.8623978201634878,0.5476190476190477,0.47883597883597884,Sidney Moncrief,0.5263954874867732,0.7784292629967048
149,11721,0.9074074074074074,0.9283819628647215,0.37433862433862436,0.15873015873015872,0.4007936507936508,0.3386243386243386,0.44576719576719576,0.042328042328042326,0.9537037037037037,0.44884488448844884,0.9098143236074271,0.9209809264305178,0.9153439153439153,0.8425925925925926,Ricky Pierce,0.5163372756285435,0.6809061971368583
150,11722,0.8333333333333334,0.753315649867374,0.3835978835978836,0.46296296296296297,0.9126984126984127,0.8690476190476191,0.7037037037037037,0.8240740740740741,0.8359788359788359,0.735973597359736,0.6763925729442971,0.4359673024523161,0.7394179894179894,0.753968253968254,Paul Pressey,0.6110975958292358,1.5996894836780844
151,11723,0.5476190476190477,0.1989389920424403,0.671957671957672,0.5105820105820106,0.6534391534391535,0.8558201058201058,0.7817460317460317,0.5687830687830688,0.41798941798941797,0.8267326732673267,0.123342175066313,0.16348773841961853,0.5079365079365079,0.46825396825396826,Jerry Reynolds,0.4552249729779143,0.088369551433999
152,11724,0.8015873015873016,0.6259946949602122,0.7222222222222222,0.9814814814814815,0.49867724867724866,0.5740740740740741,0.8187830687830688,0.44047619047619047,0.8968253968253969,0.21122112211221122,0.4323607427055703,0.8760217983651226,0.8240740740740741,0.8492063492063492,Jack Sikma,0.580253294422945,1.300627296497622
153,11725,0.10052910052910052,0.042440318302387266,0.2275132275132275,0.4748677248677249,0.8941798941798942,0.3386243386243386,0.24867724867724866,0.9246031746031746,0.05423280423280423,0.5693069306930693,0.03713527851458886,0.8392370572207084,0.1574074074074074,0.19047619047619047,Scott Skiles,0.3272503003577116,-1.152455617318103
154,11726,0.09126984126984126,0.10344827586206896,0.2208994708994709,0.03042328042328042,0.5529100529100529,0.8690476190476191,0.328042328042328,0.5582010582010583,0.14814814814814814,0.8267326732673267,0.10079575596816977,0.4986376021798365,0.25793650793650796,0.2777777777777778,Keith Smith,0.3057661742770472,-1.3607628067308575
155,11727,0.32275132275132273,0.916445623342175,0.9404761904761905,0.6838624338624338,0.0992063492063492,0.43915343915343913,0.9629629629629629,0.9470899470899471,0.23677248677248677,0.9966996699669967,0.7068965517241379,0.4986376021798365,0.12037037037037036,0.12169312169312169,Marvin Webster,0.5247549966572432,0.762523285128499
156,13032,0.1402116402116402,0.27718832891246686,0.18518518518518517,0.021164021164021163,0.7777777777777778,0.28174603174603174,0.05952380952380952,0.6005291005291006,0.14814814814814814,0.21122112211221122,0.4217506631299735,0.2125340599455041,0.14814814814814814,0.14814814814814814,Otis Birdsong,0.23234186910226787,-2.0726749686738986
157,13033,0.23544973544973544,0.3063660477453581,0.3082010582010582,0.12169312169312169,0.6984126984126984,0.6164021164021164,0.328042328042328,0.4894179894179894,0.49603174603174605,0.636963696369637,0.3103448275862069,0.4359673024523161,0.7592592592592593,0.8095238095238095,Tony Brown,0.3828367951375714,-0.613496459592788
158,13034,0.6071428571428571,0.9588859416445623,0.8558201058201058,0.8941798941798942,0.17328042328042328,0.48677248677248675,0.7671957671957672,0.8518518518518519,0.5740740740740741,0.21122112211221122,0.9602122015915119,0.3787465940054496,0.5396825396825397,0.4894179894179894,Ben Coleman,0.5506043906235825,1.0131555233184093
159,13038,0.29365079365079366,0.23872679045092837,0.5621693121693122,0.5026455026455027,0.541005291005291,0.3386243386243386,0.6640211640211641,0.47619047619047616,0.23677248677248677,0.9372937293729373,0.20822281167108753,0.7588555858310627,0.6111111111111112,0.5476190476190477,Albert King,0.4246192929010995,-0.20837899551318378
160,13039,0.164021164021164,0.05305039787798409,0.29894179894179895,0.5026455026455027,0.8201058201058201,0.9126984126984127,0.5476190476190477,0.7063492063492064,0.05423280423280423,0.8267326732673267,0.05172413793103448,0.09400544959128065,0.21164021164021163,0.21957671957671956,Pace Mannion,0.349584441794773,-0.9359067936315625
161,13040,0.48412698412698413,0.7400530503978779,0.16005291005291006,0.15873015873015872,0.6296296296296297,0.8835978835978836,0.328042328042328,0.32275132275132273,0.5476190476190477,0.9438943894389439,0.5305039787798409,0.5217983651226158,0.5,0.46296296296296297,Kevin McKenna,0.4500533365526362,0.038226062033056285
162,13041,0.19444444444444445,0.4761273209549072,0.7222222222222222,0.5661375661375662,0.37566137566137564,0.5277777777777778,0.5476190476190477,0.7328042328042328,0.3531746031746032,0.21122112211221122,0.4442970822281167,0.3991825613079019,0.47883597883597884,0.48412698412698413,Jeff Turner,0.4019670223520257,-0.4280123561711082
163,13042,0.4060846560846561,0.5450928381962865,0.17195767195767195,0.12169312169312169,0.8862433862433863,0.8835978835978836,0.24867724867724866,0.9047619047619048,0.38492063492063494,0.49504950495049505,0.6485411140583555,0.6471389645776566,0.6322751322751323,0.6441798941798942,Pearl Washington,0.4650689374662956,0.18381530368636395
164,13043,0.8716931216931217,0.9549071618037135,0.9140211640211641,0.9708994708994709,0.23412698412698413,0.3386243386243386,0.7671957671957672,0.7976190476190477,0.9193121693121693,0.21122112211221122,0.9456233421750663,0.3991825613079019,0.9074074074074074,0.955026455026455,Buck Williams,0.6154555772198909,1.6419438835820885
165,13044,0.45634920634920634,0.4336870026525199,0.26587301587301587,0.17063492063492064,0.9656084656084656,0.7804232804232805,0.49867724867724866,0.9074074074074074,0.294973544973545,0.636963696369637,0.5159151193633952,0.779291553133515,0.41798941798941797,0.3968253968253968,Ray Williams,0.474919591963705,0.27932592136413953
166,13046,0.35978835978835977,0.32891246684350134,0.05291005291005291,0.10449735449735449,0.8994708994708994,0.38492063492063494,0.1335978835978836,0.5793650793650794,0.5740740740740741,0.7524752475247525,0.19363395225464192,0.7193460490463215,0.5952380952380952,0.6798941798941799,Leon Wood,0.37854867663544334,-0.6550734783504207
167,13047,0.8716931216931217,0.8952254641909815,0.36243386243386244,0.44841269841269843,0.6785714285714286,0.21825396825396826,0.7817460317460317,0.4193121693121693,0.8822751322751323,0.4636963696369637,0.8381962864721485,0.6089918256130791,0.9259259259259259,0.8756613756613757,Orlando Woolridge,0.5596489523025008,1.1008503737271216
168,14384,0.9259259259259259,0.713527851458886,0.6388888888888888,0.8875661375661376,0.32407407407407407,0.6984126984126984,0.9523809523809523,0.5582010582010583,0.7275132275132276,0.21122112211221122,0.7546419098143236,0.3201634877384196,0.8941798941798942,0.7857142857142857,Patrick Ewing*,0.5737798152177799,1.2378613150522102
169,14385,0.0873015873015873,0.09018567639257294,0.29894179894179895,0.23148148148148148,0.8359788359788359,0.7367724867724867,0.328042328042328,0.9523809523809523,0.013227513227513227,0.21122112211221122,0.11803713527851459,0.7861035422343324,0.1574074074074074,0.17724867724867724,Stewart Granger,0.32313879117013483,-1.192320255977045
170,14386,0.705026455026455,0.5092838196286472,0.17195767195767195,0.21031746031746032,0.951058201058201,0.8333333333333334,0.24867724867724866,0.7407407407407407,0.6428571428571429,0.6567656765676567,0.40848806366047746,0.776566757493188,0.6878306878306878,0.7182539682539683,Gerald Henderson,0.502860217276594,0.5502344566943695
171,14390,0.167989417989418,0.11936339522546419,0.5740740740740741,0.8267195767195767,0.07936507936507936,0.43915343915343913,0.9828042328042328,0.8121693121693122,0.14814814814814814,0.21122112211221122,0.15915119363395225,0.0776566757493188,0.3029100529100529,0.3862433862433862,Jawann Oldham,0.32671504800361867,-1.157645351966328
172,14391,0.3492063492063492,0.3620689655172414,0.6388888888888888,0.4246031746031746,0.4748677248677249,0.5277777777777778,0.49867724867724866,0.3492063492063492,0.5211640211640212,0.5429042904290429,0.22281167108753316,0.3787465940054496,0.544973544973545,0.5793650793650794,Louis Orr,0.3890597733602898,-0.5531593018939276
173,14393,0.37037037037037035,0.29973474801061006,0.06481481481481481,0.047619047619047616,0.9338624338624338,0.5740740740740741,0.17989417989417988,0.7579365079365079,0.4298941798941799,0.66996699669967,0.3952254641909814,0.715258855585831,0.6203703703703703,0.7301587301587301,Rory Sparrow,0.40393480288820477,-0.40893302144119814
174,14394,0.047619047619047616,0.22811671087533156,0.5542328042328042,0.6759259259259259,0.0992063492063492,0.07142857142857142,0.44576719576719576,0.9285714285714286,0.0291005291005291,0.21122112211221122,0.26790450928381965,0.18664850136239783,0.18783068783068782,0.21693121693121692,Bob Thornton,0.26223822555441995,-1.782803927941434
175,14395,0.7486772486772487,0.6671087533156499,0.2275132275132275,0.07407407407407407,0.6534391534391535,0.9470899470899471,0.328042328042328,0.07407407407407407,0.716931216931217,0.9471947194719472,0.6114058355437666,0.5517711171662125,0.7116402116402116,0.671957671957672,Trent Tucker,0.48393079379860376,0.3666973192237063
176,14396,0.5833333333333334,0.6445623342175066,0.6164021164021164,0.6375661375661376,0.24338624338624337,0.43915343915343913,0.7486772486772487,0.1111111111111111,0.6904761904761905,0.21122112211221122,0.6618037135278515,0.5313351498637602,0.6798941798941799,0.6772486772486772,Kenny Walker,0.45326148798142196,0.06933186567765172
177,14397,0.11772486772486772,0.17374005305039789,0.8624338624338624,0.6838624338624338,0.03968253968253968,0.21825396825396826,0.24867724867724866,0.544973544973545,0.08994708994708994,0.21122112211221122,0.2891246684350133,0.0326975476839237,0.26455026455026454,0.2724867724867725,Eddie Lee,0.2517926140924911,-1.8840831681191552
178,14398,0.8148148148148148,0.5875331564986738,0.34523809523809523,0.19047619047619047,0.8068783068783069,0.5277777777777778,0.328042328042328,0.33201058201058203,0.705026455026455,0.858085808580858,0.6618037135278515,0.28610354223433243,0.9126984126984127,0.9113756613756614,Gerald Wilkins,0.4904326122536453,0.42973807421446275
179,14399,0.37037037037037035,0.14588859416445624,0.9841269841269841,0.9404761904761905,0.03439153439153439,0.28174603174603174,0.8664021164021164,0.7579365079365079,0.14814814814814814,0.21122112211221122,0.2891246684350133,0.027247956403269755,0.164021164021164,0.15608465608465608,Brad Wright,0.3480734259155998,-0.9505573998403897
180,15874,0.9841269841269841,0.9814323607427056,0.9722222222222222,0.9629629629629629,0.7738095238095238,0.7367724867724867,0.8187830687830688,0.8783068783068783,0.9867724867724867,0.5577557755775577,0.9814323607427056,0.5463215258855586,0.9338624338624338,0.9074074074074074,Charles Barkley*,0.7409707380378382,2.858921957556786
181,15875,0.8955026455026455,0.8620689655172413,0.1164021164021164,0.19973544973544974,0.921957671957672,0.955026455026455,0.24867724867724866,0.5740740740740741,0.9193121693121693,0.6056105610561056,0.876657824933687,0.6089918256130791,0.8359788359788359,0.8703703703703703,Maurice Cheeks,0.5746663895857853,1.2464574205726862
182,15876,0.5132275132275133,0.5092838196286472,0.08994708994708994,0.17063492063492064,0.7870370370370371,0.7367724867724867,0.328042328042328,0.23148148148148148,0.5211640211640212,0.9785478547854786,0.4854111405835544,0.3637602179836512,0.4007936507936508,0.42063492063492064,Steve Colter,0.4077402374721241,-0.3720360408661418
183,15877,0.8478835978835979,0.5875331564986738,0.5542328042328042,0.3425925925925926,0.6904761904761905,0.6984126984126984,0.9034391534391535,0.4642857142857143,0.7275132275132276,0.6732673267326733,0.5994694960212201,0.771117166212534,0.8068783068783069,0.7222222222222222,Julius Erving*,0.5778067620786259,1.2769060487941288
184,15878,0.12301587301587301,0.07427055702917772,0.1164021164021164,0.062169312169312166,0.6481481481481481,0.15873015873015872,0.5476190476190477,0.17592592592592593,0.05423280423280423,0.5874587458745875,0.04774535809018567,0.5653950953678474,0.23015873015873015,0.2222222222222222,World B.,0.22608479151759434,-2.1333427491880865
185,15880,0.5978835978835979,0.6671087533156499,0.5542328042328042,0.6706349206349206,0.0873015873015873,0.15873015873015872,0.9497354497354498,0.3584656084656085,0.7962962962962963,0.21122112211221122,0.5570291777188329,0.5340599455040872,0.8333333333333334,0.8359788359788359,Roy Hinson,0.4650688503509691,0.18381445902790589
186,15882,0.5476190476190477,0.9018567639257294,0.6031746031746031,0.7619047619047619,0.20634920634920634,0.051587301587301584,0.6640211640211641,0.5158730158730159,0.8544973544973545,0.21122112211221122,0.9336870026525199,0.3555858310626703,0.8201058201058201,0.9259259259259259,Tim McCormick,0.49516553299236044,0.4756278354778911
187,15884,0.7156084656084656,0.4336870026525199,0.4695767195767196,0.6931216931216931,0.4074074074074074,0.8835978835978836,0.623015873015873,0.3584656084656085,0.5859788359788359,0.21122112211221122,0.4442970822281167,0.5258855585831063,0.7248677248677249,0.6388888888888888,Cliff Robinson,0.47178206514774434,0.2489048844419946
188,15886,0.3002645502645503,0.21750663129973474,0.2275132275132275,0.1402116402116402,0.7579365079365079,0.8333333333333334,0.328042328042328,0.4642857142857143,0.294973544973545,0.9537953795379538,0.16578249336870027,0.6907356948228883,0.37037037037037035,0.3412698412698413,Sedale Threatt,0.38298342773069965,-0.6120747297427506
189,15887,0.6825396825396826,0.6578249336870027,0.07671957671957672,0.21031746031746032,0.8835978835978836,0.10714285714285714,0.328042328042328,0.7407407407407407,0.47619047619047616,0.801980198019802,0.5159151193633952,0.7029972752043597,0.5912698412698413,0.4973544973544973,Andrew Toney,0.4516852248556937,0.054048630964607804
190,15888,0.11375661375661375,0.14058355437665782,0.5740740740740741,0.5661375661375662,0.14947089947089948,0.7367724867724867,0.7671957671957672,0.4523809523809524,0.4074074074074074,0.5429042904290429,0.2572944297082228,0.035422343324250684,0.2671957671957672,0.4074074074074074,Danny Vranes,0.33403974348198057,-1.08662609231978
191,15889,0.45634920634920634,0.35013262599469497,0.37433862433862436,0.08994708994708994,0.6177248677248677,0.8981481481481481,0.49867724867724866,0.5582010582010583,0.5066137566137566,0.636963696369637,0.3103448275862069,0.44959128065395093,0.6653439153439153,0.6507936507936508,David Wingate,0.42749175639656034,-0.1805279768036679
192,16660,0.705026455026455,0.6976127320954907,0.44841269841269843,0.7103174603174603,0.7645502645502645,0.5740740740740741,0.6640211640211641,0.6243386243386243,0.6626984126984127,0.21122112211221122,0.7347480106100795,0.6784741144414169,0.6970899470899471,0.6693121693121693,Alvan Adams,0.5448390053192199,0.9572551248509925
193,16661,0.45634920634920634,0.40185676392572944,0.49206349206349204,0.41005291005291006,0.414021164021164,0.6164021164021164,0.44576719576719576,0.3492063492063492,0.294973544973545,0.7920792079207921,0.4217506631299735,0.7098092643051771,0.4656084656084656,0.35978835978835977,Rafael Addison,0.4179960229150744,-0.27259732817100785
194,16662,0.13756613756613756,0.09946949602122016,0.7367724867724867,0.8373015873015873,0.31216931216931215,0.15873015873015872,0.8187830687830688,0.716931216931217,0.005291005291005291,0.21122112211221122,0.1273209549071618,0.09400544959128065,0.4417989417989418,0.47354497354497355,William Bedford,0.31315739586505253,-1.2890985188960389
195,16663,0.9365079365079365,0.7957559681697612,0.28835978835978837,0.11243386243386243,0.8386243386243386,0.5740740740740741,0.1335978835978836,0.24735449735449735,0.8478835978835979,0.6633663366336634,0.8580901856763926,0.9046321525885559,0.9682539682539683,0.8783068783068783,Walter Davis,0.5445956393438879,0.9548954811712929
196,16665,0.20899470899470898,0.5689655172413793,0.7222222222222222,0.8068783068783069,0.12698412698412698,0.21825396825396826,0.7486772486772487,0.7791005291005291,0.38492063492063494,0.21122112211221122,0.5875331564986738,0.14713896457765668,0.5079365079365079,0.5052910052910053,Kenny Gattison,0.40125513429321175,-0.43491472679355103
197,16666,0.3412698412698413,0.4336870026525199,0.4695767195767196,0.3187830687830688,0.5753968253968254,0.43915343915343913,0.24867724867724866,0.4193121693121693,0.3531746031746032,0.6056105610561056,0.4217506631299735,0.28610354223433243,0.4497354497354497,0.414021164021164,Grant Gondrezick,0.35748207561015305,-0.8593324011281801
198,16667,0.37037037037037035,0.5822281167108754,0.21031746031746032,0.41005291005291006,0.9021164021164021,0.7367724867724867,0.17989417989417988,0.955026455026455,0.47619047619047616,0.7095709570957096,0.5716180371352785,0.6089918256130791,0.5251322751322751,0.6150793650793651,Jeff Hornacek,0.48255213016186393,0.3533299825102383
199,16668,0.671957671957672,0.6206896551724138,0.19444444444444445,0.3306878306878307,0.9404761904761905,0.6984126984126984,0.17989417989417988,0.7698412698412699,0.7962962962962963,0.5214521452145214,0.6273209549071618,0.5831062670299727,0.7777777777777778,0.8597883597883598,Jay Humphries,0.5141571588074954,0.6597680784217237
200,16669,0.9682539682539683,0.9323607427055703,0.6891534391534392,0.7843915343915344,0.5886243386243386,0.5277777777777778,0.9246031746031746,0.12301587301587301,0.9656084656084656,0.5429042904290429,0.9389920424403183,0.5953678474114441,0.9298941798941799,0.8571428571428571,Larry Nance,0.6340631782872752,1.8223606743562346
201,16670,0.7275132275132276,0.9734748010610079,0.7288359788359788,0.8677248677248677,0.25793650793650796,0.6164021164021164,0.7037037037037037,0.671957671957672,0.8677248677248677,0.21122112211221122,0.9641909814323607,0.4427792915531335,0.7354497354497355,0.7936507936507936,Ed Pinckney,0.5845943248938261,1.3427173425692749
202,16671,0.6878306878306878,0.6352785145888594,0.5423280423280423,0.48677248677248675,0.49867724867724866,0.5740740740740741,0.5476190476190477,0.2156084656084656,0.656084656084656,0.45544554455445546,0.7347480106100795,0.6335149863760218,0.75,0.656084656084656,Mike Sanders,0.4945321176749417,0.46948632597421935
203,16672,0.1283068783068783,0.20291777188328913,0.5291005291005291,0.023809523809523808,0.2671957671957672,0.5277777777777778,0.578042328042328,0.23148148148148148,0.2037037037037037,0.21122112211221122,0.16578249336870027,0.7861035422343324,0.22486772486772486,0.24074074074074073,Bernard Thompson,0.27202070959228314,-1.6879542818468511
204,16673,0.19444444444444445,0.17771883289124668,0.8981481481481481,0.8584656084656085,0.3544973544973545,0.43915343915343913,0.8015873015873016,0.8597883597883598,0.26587301587301587,0.21122112211221122,0.1870026525198939,0.16893732970027248,0.294973544973545,0.3333333333333333,Nick Vanos,0.38078741027698937,-0.6333670188480283
205,17574,0.533068783068783,0.7612732095490716,0.832010582010582,0.9841269841269841,0.29365079365079366,0.15873015873015872,0.3955026455026455,0.7328042328042328,0.6746031746031746,0.21122112211221122,0.7480106100795756,0.47275204359673023,0.5873015873015873,0.582010582010582,Kenny Carr,0.492337061809102,0.44820336029526747
206,17575,0.951058201058201,0.7294429708222812,0.6812169312169312,0.4246031746031746,0.8756613756613757,0.9126984126984127,0.6640211640211641,0.38095238095238093,0.9708994708994709,0.5973597359735974,0.7811671087533156,0.5408719346049047,0.9656084656084656,0.9947089947089947,Clyde Drexler*,0.6317040884582449,1.7994872574896397
207,17576,0.18386243386243387,0.7029177718832891,0.7685185185185185,0.8267195767195767,0.10978835978835978,0.21825396825396826,0.6640211640211641,0.8637566137566137,0.38492063492063494,0.21122112211221122,0.656498673740053,0.26021798365122617,0.41005291005291006,0.37962962962962965,Kevin Duckworth,0.41738331541873064,-0.2785380574339201
208,17578,0.21957671957671956,0.3209549071618037,0.13095238095238096,0.1402116402116402,0.791005291005291,0.48677248677248675,0.17989417989417988,0.6970899470899471,0.26587301587301587,0.7673267326732673,0.20291777188328913,0.726158038147139,0.3201058201058201,0.28835978835978837,Mike Holton,0.34992259542313203,-0.9326281016499235
209,17580,0.17724867724867724,0.8381962864721485,0.6812169312169312,0.955026455026455,0.14947089947089948,0.07142857142857142,0.8862433862433863,0.9246031746031746,0.6428571428571429,0.21122112211221122,0.7068965517241379,0.6403269754768393,0.421957671957672,0.6296296296296297,Caldwell Jones,0.48711292305588316,0.3975508154023821
210,17581,0.8386243386243386,0.8050397877984085,0.8624338624338624,0.6838624338624338,0.5555555555555556,0.8835978835978836,0.8015873015873016,0.47619047619047616,0.873015873015873,0.42244224422442245,0.8381962864721485,0.35967302452316074,0.8095238095238095,0.7592592592592593,Jerome Kersey,0.6139828584939784,1.627664601407029
211,17582,0.023809523809523808,0.029177718832891247,0.4603174603174603,0.6613756613756614,0.27645502645502645,0.7804232804232805,0.328042328042328,0.9894179894179894,0.013227513227513227,0.21122112211221122,0.027851458885941646,0.01907356948228883,0.10449735449735449,0.16137566137566137,Fernando Martin,0.2616593337919647,-1.788416784408506
212,17583,0.623015873015873,0.5941644562334217,0.17195767195767195,0.08994708994708994,0.753968253968254,0.6587301587301587,0.328042328042328,0.20899470899470898,0.716931216931217,0.6765676567656765,0.6392572944297082,0.7452316076294278,0.7619047619047619,0.6984126984126984,Jim Paxson,0.4645808719033532,0.17908308580214732
213,17584,0.8148148148148148,0.830238726790451,0.21031746031746032,0.46296296296296297,0.9616402116402116,0.8835978835978836,0.17989417989417988,0.8902116402116402,0.8822751322751323,0.5742574257425742,0.7811671087533156,0.8583106267029973,0.8240740740740741,0.8955026455026455,Terry Porter,0.6102508165185132,1.591479225666787
214,17585,0.9682539682539683,0.7612732095490716,0.5621693121693122,0.007936507936507936,0.421957671957672,1.0,0.05952380952380952,0.8902116402116402,0.14814814814814814,0.9966996699669967,0.09283819628647215,0.4986376021798365,0.07275132275132275,0.0291005291005291,Ron Rowan,0.43202673726231716,-0.1365574138568873
215,17586,0.9338624338624338,0.9098143236074271,0.23941798941798942,0.08994708994708994,0.49867724867724866,0.10714285714285714,0.24867724867724866,0.02513227513227513,0.9814814814814815,0.9636963696369637,0.8461538461538461,0.9346049046321526,0.9920634920634921,0.9735449735449735,Kiki Vandeweghe,0.5180447706955004,0.6974618390558492
216,18178,0.07804232804232804,0.01856763925729443,0.4007936507936508,0.41005291005291006,0.8134920634920635,0.9814814814814815,0.05952380952380952,0.9417989417989417,0.05423280423280423,0.21122112211221122,0.03183023872679045,0.004087193460490463,0.08597883597883597,0.11904761904761904,Bruce Douglas,0.2727402012635741,-1.6809781876231538
217,18180,0.06481481481481481,0.04509283819628647,0.07671957671957672,0.19973544973544974,0.906084656084656,0.6587301587301587,0.05952380952380952,0.9682539682539683,0.0291005291005291,0.21122112211221122,0.04509283819628647,0.3337874659400545,0.12566137566137567,0.1402116402116402,Franklin Edwards,0.24825457353794517,-1.9183875322426325
218,18181,0.8148148148148148,0.5689655172413793,0.4801587301587302,0.36772486772486773,0.6984126984126984,0.10714285714285714,0.328042328042328,0.10317460317460317,0.7857142857142857,0.7838283828382838,0.5570291777188329,0.8188010899182562,0.91005291005291,0.8306878306878307,Eddie Johnson,0.48825748419698983,0.4086483258861603
219,18182,0.49603174603174605,0.5092838196286472,0.8743386243386243,0.8915343915343915,0.20634920634920634,0.21825396825396826,0.6005291005291006,0.33994708994708994,0.6428571428571429,0.21122112211221122,0.5026525198938993,0.6566757493188011,0.6402116402116402,0.66005291005291,Joe Kleine,0.4526590747337646,0.06349094806185665
220,18183,0.18386243386243387,0.830238726790451,0.3941798941798942,0.6507936507936508,0.49867724867724866,0.15873015873015872,0.3955026455026455,0.8452380952380952,0.5211640211640212,0.21122112211221122,0.1909814323607427,0.9305177111716622,0.36507936507936506,0.48148148148148145,Mark Olberding,0.411745767044172,-0.3331989662683576
221,18184,0.4365079365079365,0.1816976127320955,0.6587301587301587,0.5608465608465608,0.7367724867724867,0.7367724867724867,0.6640211640211641,0.5661375661375662,0.38492063492063494,0.636963696369637,0.26790450928381965,0.3869209809264305,0.4126984126984127,0.4470899470899471,Harold Pressley,0.4420596137812927,-0.03927999603006041
222,18185,0.3002645502645503,0.3620689655172414,0.5423280423280423,0.4748677248677249,0.3373015873015873,0.15873015873015872,0.6005291005291006,0.06878306878306878,0.294973544973545,0.21122112211221122,0.7068965517241379,0.12125340599455041,0.31746031746031744,0.2804232804232804,Johnny Rogers,0.299778542705749,-1.4188180750332877
223,18186,0.5674603174603174,0.4336870026525199,0.28835978835978837,0.3002645502645503,0.7473544973544973,0.38492063492063494,0.5476190476190477,0.32275132275132273,0.5357142857142857,0.6897689768976898,0.35543766578249336,0.6335149863760218,0.753968253968254,0.66005291005291,Derek Smith,0.43738808867476153,-0.08457447352283709
224,18187,0.3941798941798942,0.7692307692307693,0.25,0.1402116402116402,0.7142857142857143,0.38492063492063494,0.24867724867724866,0.7751322751322751,0.38492063492063494,0.8267326732673267,0.5994694960212201,0.8228882833787466,0.373015873015873,0.3386243386243386,Brook Steppe,0.44557767581613195,-0.0051693409396200785
225,18188,0.8822751322751323,0.7493368700265252,0.23941798941798942,0.17063492063492064,0.9708994708994709,0.38492063492063494,0.24867724867724866,0.6243386243386243,0.8677248677248677,0.5775577557755776,0.6339522546419099,0.9073569482288828,0.9391534391534392,0.9365079365079365,Reggie Theus,0.5464164104476816,0.9725494322685444
226,18189,0.7724867724867724,0.5941644562334217,0.8941798941798942,0.9365079365079365,0.32407407407407407,0.48677248677248675,0.9246031746031746,0.4642857142857143,0.7962962962962963,0.21122112211221122,0.6114058355437666,0.4250681198910082,0.7698412698412699,0.7791005291005291,LaSalle Thompson,0.5473938101885351,0.9820261683566448
227,18190,0.8875661375661376,0.9204244031830239,0.7592592592592593,0.8994708994708994,0.44312169312169314,0.07142857142857142,0.623015873015873,0.32275132275132273,0.9378306878306878,0.21122112211221122,0.9018567639257294,0.5463215258855586,0.9232804232804233,0.9484126984126984,Otis Thorpe,0.5631699121887593,1.1349891259941578
228,18191,0.533068783068783,0.5742705570291777,0.4801587301587302,0.5211640211640212,0.17328042328042328,0.38492063492063494,0.8412698412698413,0.08465608465608465,0.6746031746031746,0.8267326732673267,0.6763925729442971,0.3637602179836512,0.701058201058201,0.7248677248677249,Terry Tyler,0.45568906102695644,0.09286928657672935
229,18192,0.48412698412698413,0.4336870026525199,0.28835978835978837,0.21957671957671956,0.955026455026455,0.8558201058201058,0.24867724867724866,0.9497354497354498,0.3531746031746032,0.49504950495049505,0.5159151193633952,0.7029972752043597,0.3253968253968254,0.3941798941798942,Othell Wilson,0.4551695388043299,0.08783206916204493
230,18850,0.8293650793650794,0.7692307692307693,0.7156084656084656,0.5383597883597884,0.4656084656084656,0.28174603174603174,0.7248677248677249,0.5092592592592593,0.5965608465608465,0.21122112211221122,0.863395225464191,0.17574931880108993,0.8002645502645502,0.6256613756613757,Walter Berry,0.49874910981656484,0.5103737131315573
231,18851,0.26455026455026454,0.11405835543766578,0.8227513227513228,0.6706349206349206,0.32407407407407407,0.955026455026455,0.7037037037037037,0.6243386243386243,0.14814814814814814,0.21122112211221122,0.10610079575596817,0.9550408719346049,0.12962962962962962,0.10846560846560846,Frank Brickowski,0.4019518858731728,-0.4281591174289601
232,18854,0.705026455026455,0.35013262599469497,0.2552910052910053,0.2526455026455027,0.8597883597883598,0.6587301587301587,0.1335978835978836,0.28174603174603174,0.5740740740740741,0.7491749174917491,0.2984084880636605,0.7329700272479565,0.7328042328042328,0.6640211640211641,Johnny Dawkins,0.43895931750011763,-0.06934005070734266
233,18857,0.7275132275132276,0.8713527851458885,0.83994708994709,0.9523809523809523,0.5370370370370371,0.38492063492063494,0.623015873015873,0.6441798941798942,0.8677248677248677,0.9785478547854786,0.7997347480106101,0.6512261580381471,0.7724867724867724,0.8624338624338624,Dave Greenwood,0.6433378596790983,1.9122867344703678
234,18858,0.35978835978835977,0.1856763925729443,0.4007936507936508,0.3373015873015873,0.541005291005291,0.6984126984126984,0.7037037037037037,0.15873015873015872,0.32275132275132273,0.8993399339933993,0.17771883289124668,0.6784741144414169,0.3941798941798942,0.373015873015873,Anthony Jones,0.39052506270437826,-0.5389520540032056
235,18859,0.5582010582010583,0.5212201591511937,0.6587301587301587,0.8174603174603174,0.5238095238095238,0.21825396825396826,0.49867724867724866,0.36904761904761907,0.5066137566137566,0.43234323432343236,0.46684350132625996,0.4591280653950954,0.5370370370370371,0.48677248677248675,Larry Krystkowiak,0.43782437653511125,-0.08034428526090229
236,18860,0.021164021164021163,0.023872679045092837,0.36243386243386244,0.5912698412698413,0.07936507936507936,0.28174603174603174,0.05952380952380952,0.06481481481481481,0.05423280423280423,0.9785478547854786,0.015915119363395226,0.9836512261580381,0.09259259259259259,0.06878306878306878,Forrest McKenzie,0.24060864909965746,-1.9925213845679282
237,18861,0.45634920634920634,0.29973474801061006,0.32275132275132273,0.3002645502645503,0.2222222222222222,0.21825396825396826,0.44576719576719576,0.046296296296296294,0.294973544973545,0.9785478547854786,0.2480106100795756,0.7942779291553134,0.578042328042328,0.4497354497354497,Mike Mitchell,0.34703278513010755,-0.9606473125694567
238,18862,0.58994708994709,0.376657824933687,0.18518518518518517,0.10449735449735449,0.8888888888888888,0.9391534391534392,0.1335978835978836,0.7063492063492064,0.47619047619047616,0.7046204620462047,0.5437665782493368,0.726158038147139,0.5555555555555556,0.5370370370370371,Johnny Moore,0.46203786551609644,0.1544264387875459
239,18863,0.38227513227513227,0.4124668435013263,0.832010582010582,0.9246031746031746,0.4748677248677249,0.6587301587301587,0.44576719576719576,0.4193121693121693,0.5621693121693122,0.47194719471947194,0.6843501326259946,0.4427792915531335,0.33465608465608465,0.47619047619047616,Ed Nealy,0.4697289997860974,0.22899863954473265
240,18864,0.9074074074074074,0.4761273209549072,0.5740740740740741,0.41005291005291006,0.8412698412698413,0.9894179894179894,0.49867724867724866,0.5026455026455027,0.8227513227513228,0.6864686468646864,0.5305039787798409,0.5177111716621253,0.9047619047619048,0.8915343915343915,Alvin Robertson,0.5774579546213174,1.2735240587236307
241,18865,0.6944444444444444,0.6631299734748011,0.042328042328042326,0.05291005291005291,0.8716931216931217,0.15873015873015872,0.05952380952380952,0.16666666666666666,0.6851851851851852,0.8514851485148515,0.8328912466843501,0.8392370572207084,0.7433862433862434,0.6904761904761905,Jon Sundvold,0.44410741005082904,-0.019424839539382958
242,18866,0.705026455026455,0.35013262599469497,0.6468253968253969,0.7843915343915344,0.4576719576719577,0.3386243386243386,0.7817460317460317,0.17592592592592593,0.5357142857142857,0.9966996699669967,0.2480106100795756,0.4128065395095368,0.6164021164021164,0.5317460317460317,Mychal Thompson,0.469998499191923,0.2316116694424888
243,19795,0.8478835978835979,0.7400530503978779,0.421957671957672,0.5952380952380952,0.5277777777777778,0.38492063492063494,0.578042328042328,0.38095238095238093,0.8968253968253969,0.9075907590759076,0.4442970822281167,0.8828337874659401,0.9775132275132276,0.9682539682539683,Tom Chambers,0.572392386018597,1.2244089886273022
244,19796,0.9298941798941799,0.8872679045092838,0.49206349206349204,0.36772486772486773,0.533068783068783,0.5277777777777778,0.44576719576719576,0.2552910052910053,0.9457671957671958,0.8795379537953796,0.9204244031830239,0.667574931880109,0.9841269841269841,0.9894179894179894,Dale Ellis,0.5890857783232852,1.386265869363248
245,19797,0.6494708994708994,0.8554376657824934,0.31746031746031744,0.015873015873015872,0.8915343915343915,0.6164021164021164,0.05952380952380952,0.8571428571428571,0.26587301587301587,0.21122112211221122,0.870026525198939,0.9645776566757494,0.18253968253968253,0.167989417989418,Gerald Henderson,0.45047220503929986,0.04228735439667775
246,19798,0.24867724867724866,0.6790450928381963,0.8624338624338624,0.7962962962962963,0.04894179894179894,0.15873015873015872,0.8412698412698413,0.39814814814814814,0.5740740740740741,0.21122112211221122,0.7068965517241379,0.1539509536784741,0.35714285714285715,0.49206349206349204,Clemon Johnson,0.40245520040448696,-0.4232790476036855
247,19799,0.6349206349206349,0.5278514588859416,0.15079365079365079,0.23148148148148148,0.9298941798941799,0.28174603174603174,0.1335978835978836,0.5912698412698413,0.4074074074074074,0.8267326732673267,0.46684350132625996,0.55858310626703,0.3306878306878307,0.29894179894179895,Eddie Johnson,0.4047873121030333,-0.4006672070523488
248,19800,0.9074074074074074,0.8713527851458885,0.955026455026455,0.7843915343915344,0.10978835978835978,0.9126984126984127,0.9867724867724867,0.010582010582010581,0.2037037037037037,0.21122112211221122,0.9721485411140584,0.4986376021798365,0.05423280423280423,0.06084656084656084,Curtis Kitchen,0.4985308816770112,0.5082578025178087
249,19801,0.6494708994708994,0.6710875331564987,0.843915343915344,0.9404761904761905,0.23412698412698413,0.07142857142857142,0.9682539682539683,0.6970899470899471,0.7671957671957672,0.21122112211221122,0.7347480106100795,0.22888283378746593,0.7566137566137566,0.8068783068783069,Alton Lister,0.518300728549179,0.6999435718900228
250,19802,0.6150793650793651,0.6206896551724138,0.6957671957671958,0.9113756613756614,0.32407407407407407,0.43915343915343913,0.623015873015873,0.40343915343915343,0.6150793650793651,0.21122112211221122,0.3753315649867374,0.7356948228882834,0.5648148148148148,0.5132275132275133,Maurice Lucas,0.4756490737972392,0.2863988788538061
251,19803,0.917989417989418,0.6578249336870027,0.906084656084656,0.5714285714285714,0.48412698412698413,0.6164021164021164,0.6005291005291006,0.23148148148148148,0.8968253968253969,0.5693069306930693,0.7917771883289124,0.2683923705722071,0.9735449735449735,0.9761904761904762,Xavier McDaniel,0.5657142747795927,1.1596589225757583
252,19804,0.6613756613756614,0.5092838196286472,0.4087301587301587,0.5515873015873016,0.9761904761904762,0.9126984126984127,0.6640211640211641,0.9629629629629629,0.7671957671957672,0.21122112211221122,0.6220159151193634,0.1307901907356948,0.4722222222222222,0.7354497354497355,Nate McMillan,0.5233530116386695,0.7489298274415832
253,19805,0.28174603174603174,0.21750663129973474,0.26587301587301587,0.27380952380952384,0.7619047619047619,0.7367724867724867,0.17989417989417988,0.4523809523809524,0.26587301587301587,0.4438943894389439,0.2984084880636605,0.2970027247956403,0.3148148148148148,0.2830687830687831,Michael Phelps,0.31932540111111757,-1.2292943717658802
254,19806,0.10052910052910052,0.08222811671087533,0.7870370370370371,0.5304232804232805,0.21693121693121692,0.5277777777777778,0.623015873015873,0.6243386243386243,0.05423280423280423,0.4801980198019802,0.11405835543766578,0.14032697547683923,0.3029100529100529,0.3201058201058201,Russ Schoene,0.3056004823082085,-1.3623693337176879
255,19807,0.23544973544973544,0.37002652519893897,0.14153439153439154,0.03439153439153439,0.8042328042328042,0.5277777777777778,0.05952380952380952,0.44047619047619047,0.26587301587301587,0.9207920792079208,0.27453580901856767,0.1335149863760218,0.31084656084656087,0.25132275132275134,Terence Stansbury,0.3012650146604846,-1.4044054434061377
256,19808,0.29365079365079366,0.33819628647214856,0.5740740740740741,0.06613756613756613,0.5753968253968254,0.9126984126984127,0.44576719576719576,0.5846560846560847,0.3531746031746032,0.21122112211221122,0.3753315649867374,0.8392370572207084,0.421957671957672,0.35714285714285715,Kevin Williams,0.39943328388700217,-0.45257914266148597
257,19809,0.533068783068783,0.7241379310344828,0.06481481481481481,0.1402116402116402,0.91005291005291,0.8333333333333334,0.1335978835978836,0.8690476190476191,0.6746031746031746,0.8927392739273927,0.656498673740053,0.8269754768392371,0.4537037037037037,0.5978835978835979,Danny Young,0.5141856811983352,0.660044627677154
258,21705,0.8359788359788359,0.786472148541114,0.7288359788359788,0.5383597883597884,0.4656084656084656,0.28174603174603174,0.7037037037037037,0.4973544973544973,0.6044973544973545,0.21122112211221122,0.876657824933687,0.18119891008174388,0.8042328042328042,0.6388888888888888,Walter Berry,0.5010578310657477,0.532758763039993
259,21706,0.26455026455026454,0.8116710875331565,0.8862433862433863,0.6507936507936508,0.12698412698412698,0.6587301587301587,0.49867724867724866,0.6574074074074074,0.4497354497354497,0.21122112211221122,0.8461538461538461,0.3337874659400545,0.31084656084656087,0.29365079365079366,Frank Brickowski,0.4471201183805015,0.009785974171083373
260,21707,0.4166666666666667,0.2612732095490716,0.10185185185185185,0.21031746031746032,0.828042328042328,0.7367724867724867,0.3955026455026455,0.39021164021164023,0.5476190476190477,0.6056105610561056,0.23872679045092837,0.5653950953678474,0.5251322751322751,0.5529100529100529,Steve Colter,0.3882081372360237,-0.5614166509144168
261,21708,0.32275132275132273,0.20291777188328913,0.6468253968253969,0.5211640211640212,0.5119047619047619,0.7804232804232805,0.17989417989417988,0.3584656084656085,0.47619047619047616,0.636963696369637,0.16180371352785147,0.4087193460490463,0.5079365079365079,0.5238095238095238,Tyrone Corbin,0.3810640055590253,-0.6306851882913928
262,21709,0.38227513227513227,0.35013262599469497,0.8809523809523809,0.6203703703703703,0.37566137566137564,0.10714285714285714,0.7486772486772487,0.2605820105820106,0.656084656084656,0.21122112211221122,0.5570291777188329,0.07356948228882834,0.6005291005291006,0.7380952380952381,Earl Cureton,0.38828183602598,-0.5607020773850457
263,21711,0.19444444444444445,0.5994694960212201,0.7870370370370371,0.8174603174603174,0.12698412698412698,0.28174603174603174,0.6640211640211641,0.7976190476190477,0.4074074074074074,0.21122112211221122,0.5570291777188329,0.2506811989100817,0.4537037037037037,0.43386243386243384,Kevin Duckworth,0.40992161834570834,-0.35088566606807065
264,21713,0.4748677248677249,0.4124668435013263,0.5740740740740741,0.4947089947089947,0.4748677248677249,0.5740740740740741,0.49867724867724866,0.23941798941798942,0.38492063492063494,0.636963696369637,0.38726790450928383,0.6089918256130791,0.4947089947089947,0.4365079365079365,Kenny Fields,0.4170671820207191,-0.2816032442314674
265,21715,0.6944444444444444,0.5450928381962865,0.18518518518518517,0.17063492063492064,0.9444444444444444,0.8333333333333334,0.24867724867724866,0.7579365079365079,0.6746031746031746,0.6171617161716172,0.45490716180371354,0.8038147138964578,0.7195767195767195,0.7486772486772487,Gerald Henderson,0.509987493926937,0.6193395700057406
266,21716,0.09523809523809523,0.08620689655172414,0.18518518518518517,0.34656084656084657,0.6177248677248677,0.43915343915343913,0.17989417989417988,0.5198412698412699,0.0291005291005291,0.7755775577557755,0.0636604774535809,0.14032697547683923,0.2328042328042328,0.23809523809523808,Conner Henry,0.24741830351603766,-1.9264958936067225
267,21717,0.32275132275132273,0.1962864721485411,0.35185185185185186,0.3306878306878307,0.5198412698412699,0.8121693121693122,0.6640211640211641,0.26851851851851855,0.32275132275132273,0.8547854785478548,0.1870026525198939,0.5831062670299727,0.42592592592592593,0.42328042328042326,Anthony Jones,0.3893132925843187,-0.5507012136839963
268,21718,0.7407407407407407,0.9628647214854111,0.7513227513227513,0.6666666666666666,0.6058201058201058,0.15873015873015872,0.328042328042328,0.6865079365079365,0.8293650793650794,0.21122112211221122,0.870026525198939,0.5994550408719346,0.7222222222222222,0.7328042328042328,Cedric Maxwell,0.5421990266057656,0.9316582472379857
269,21719,0.28174603174603174,0.3156498673740053,0.10185185185185185,0.23148148148148148,0.9153439153439153,0.7804232804232805,0.24867724867724866,0.9140211640211641,0.4497354497354497,0.7161716171617162,0.45490716180371354,0.25340599455040874,0.578042328042328,0.6441798941798942,Dirk Minniefield,0.41609715948083975,-0.2910084519737147
270,21720,0.2275132275132275,0.48010610079575594,0.626984126984127,0.48677248677248675,0.07275132275132275,0.15873015873015872,0.8968253968253969,0.4523809523809524,0.38492063492063494,0.21122112211221122,0.5384615384615384,0.22888283378746593,0.4894179894179894,0.5026455026455027,Kurt Nimphius,0.35033119276355124,-0.9286663969352572
271,21721,0.3333333333333333,0.8183023872679045,0.3941798941798942,0.5515873015873016,0.31216931216931215,0.07142857142857142,0.9153439153439153,0.3134920634920635,0.5066137566137566,0.21122112211221122,0.8461538461538461,0.726158038147139,0.28835978835978837,0.32275132275132273,Ben Poquette,0.4192228886792691,-0.2607018031602823
272,21722,0.6349206349206349,0.46153846153846156,0.6587301587301587,0.7103174603174603,0.36243386243386244,0.28174603174603174,0.8015873015873016,0.3055555555555556,0.6428571428571429,0.9785478547854786,0.33687002652519893,0.4250681198910082,0.791005291005291,0.7182539682539683,Mychal Thompson,0.4927451934595724,0.45216054974298714
273,21723,0.6071428571428571,0.376657824933687,0.1164021164021164,0.12169312169312169,0.8783068783068783,0.8558201058201058,0.3955026455026455,0.3584656084656085,0.6283068783068783,0.5808580858085809,0.40848806366047746,0.715258855585831,0.6084656084656085,0.5846560846560847,Sedale Threatt,0.4434245766729597,-0.02604549989331722
274,23299,0.6349206349206349,0.32891246684350134,0.5291005291005291,0.6018518518518519,0.2698412698412698,0.10714285714285714,0.8412698412698413,0.08465608465608465,0.6904761904761905,0.21122112211221122,0.32360742705570295,0.7411444141689373,0.8465608465608465,0.7724867724867724,Thurl Bailey,0.41404703573336393,-0.31088617537664054
275,23300,0.4246031746031746,0.2891246684350133,0.7367724867724867,0.791005291005291,0.21693121693121692,0.6984126984126984,0.7671957671957672,0.2156084656084656,0.5476190476190477,0.7293729372937293,0.3103448275862069,0.7588555858310627,0.4312169312169312,0.4417989417989418,Kent Benson,0.46113753990073947,0.14569700302706096
276,23301,0.38227513227513227,0.246684350132626,0.35185185185185186,0.27380952380952384,0.5978835978835979,0.6984126984126984,0.328042328042328,0.19973544973544974,0.32275132275132273,0.7194719471947195,0.38726790450928383,0.6839237057220708,0.42857142857142855,0.3306878306878307,Dell Curry,0.3747120827261356,-0.6922725755427079
277,23303,0.7923280423280423,0.6087533156498673,0.08994708994708994,0.10449735449735449,0.9735449735449735,0.8333333333333334,0.1335978835978836,0.5317460317460317,0.8412698412698413,0.8993399339933993,0.4854111405835544,0.8065395095367848,0.7063492063492064,0.7619047619047619,Rickey Green,0.520443843758491,0.7207229279673123
278,23304,0.7116402116402116,0.4535809018567639,0.328042328042328,0.3187830687830688,0.49867724867724866,0.8333333333333334,0.578042328042328,0.14682539682539683,0.6283068783068783,0.8481848184818482,0.5159151193633952,0.29427792915531337,0.8492063492063492,0.7063492063492064,Darrell Griffith,0.4669877274476309,0.20241963260272786
279,23305,0.49603174603174605,0.48938992042440316,0.42724867724867727,0.3373015873015873,0.455026455026455,0.43915343915343913,0.17989417989417988,0.1111111111111111,0.6428571428571429,0.8745874587458746,0.3952254641909814,0.5408719346049047,0.671957671957672,0.5873015873015873,Bob Hansen,0.4040437859032116,-0.4078763368237012
280,23306,0.14417989417989419,0.5623342175066313,0.6322751322751323,0.5846560846560847,0.19444444444444445,0.15873015873015872,0.49867724867724866,0.6970899470899471,0.4497354497354497,0.21122112211221122,0.5305039787798409,0.22070844686648503,0.3862433862433862,0.41798941798941797,Marc Iavaroni,0.351386634086461,-0.9184329801911953
281,23307,0.8875661375661376,0.6445623342175066,0.8055555555555556,0.9047619047619048,0.3941798941798942,0.5740740740740741,0.6375661375661376,0.294973544973545,0.8862433862433863,0.21122112211221122,0.8050397877984085,0.11716621253405994,0.9629629629629629,0.9338624338624338,Karl Malone*,0.5417248703030524,0.9270608916653325
282,23308,0.8955026455026455,0.7957559681697612,0.9497354497354498,0.6058201058201058,0.4748677248677249,0.955026455026455,0.9576719576719577,0.544973544973545,0.6428571428571429,0.7722772277227723,0.76657824933687,0.28610354223433243,0.4470899470899471,0.37962962962962965,Carey Scurry,0.6062839974005807,1.5530174824121248
283,23309,0.9298941798941799,0.8461538461538461,0.07671957671957672,0.15873015873015872,0.9973544973544973,0.9841269841269841,0.328042328042328,0.9021164021164021,0.876984126984127,0.5148514851485149,0.8541114058355438,0.6403269754768393,0.6507936507936508,0.7116402116402116,John Stockton*,0.5840137078251099,1.337087757765348
284,23310,0.5582010582010583,0.7400530503978779,0.21031746031746032,0.44841269841269843,0.7473544973544973,0.7367724867724867,0.24867724867724866,0.7883597883597884,0.705026455026455,0.8861386138613861,0.5570291777188329,0.9128065395095368,0.7142857142857143,0.7142857142857143,Kelly Tripucka,0.5502289859263361,1.0095156499960254
285,24421,0.6825396825396826,0.46153846153846156,0.21031746031746032,0.18121693121693122,0.8664021164021164,0.9285714285714286,0.24867724867724866,0.5317460317460317,0.656084656084656,0.6947194719471947,0.35543766578249336,0.8760217983651226,0.5423280423280423,0.5502645502645502,Michael Adams,0.4823733997011247,0.35159703606413895
286,24422,0.3412698412698413,0.2891246684350133,0.4087301587301587,0.8544973544973545,0.031746031746031744,0.051587301587301584,1.0,0.7976190476190477,0.6150793650793651,0.21122112211221122,0.32360742705570295,0.22070844686648503,0.36243386243386244,0.6084656084656085,Manute Bol,0.3671749751621583,-0.7653513541282957
287,24423,0.671957671957672,0.5623342175066313,0.8981481481481481,0.6984126984126984,0.10978835978835978,0.21825396825396826,0.328042328042328,0.33201058201058203,0.7380952380952381,0.21122112211221122,0.6843501326259946,0.11171662125340599,0.8148148148148148,0.7698412698412699,Terry Catledge,0.42527639353480357,-0.20200783637669825
288,24424,0.5026455026455027,0.1909814323607427,0.25,0.23148148148148148,0.7063492063492064,0.9470899470899471,0.49867724867724866,0.3055555555555556,0.47619047619047616,0.43564356435643564,0.26790450928381965,0.7029972752043597,0.6296296296296297,0.5727513227513228,Darwin Cook,0.40967638858829375,-0.3532633807275177
289,24425,0.4894179894179894,0.48938992042440316,0.17195767195767195,0.0582010582010582,0.798941798941799,0.8558201058201058,0.05952380952380952,0.671957671957672,0.32275132275132273,0.21122112211221122,0.4376657824933687,0.3337874659400545,0.2804232804232804,0.2566137566137566,Frank Johnson,0.3454039333309831,-0.9764404399683358
290,24426,0.15476190476190477,0.2692307692307692,0.031746031746031744,0.24338624338624337,0.3544973544973545,0.9788359788359788,0.3955026455026455,0.8941798941798942,0.14814814814814814,0.21122112211221122,0.2612732095490716,0.26021798365122617,0.1402116402116402,0.13227513227513227,Anthony Jones,0.2895475283875413,-1.518016610243224
291,24427,0.30952380952380953,0.4336870026525199,0.7447089947089947,0.6124338624338624,0.23412698412698413,0.6984126984126984,0.9894179894179894,0.8783068783068783,0.6626984126984127,0.21122112211221122,0.5411140583554377,0.14713896457765668,0.3915343915343915,0.6481481481481481,Charles Jones,0.45695501125745647,0.10514376930233685
292,24428,0.8478835978835979,0.5384615384615384,0.08994708994708994,0.1402116402116402,0.7473544973544973,0.38492063492063494,0.24867724867724866,0.08465608465608465,0.8412698412698413,0.4801980198019802,0.40848806366047746,0.9305177111716622,0.9576719576719577,0.9206349206349206,Jeff Malone,0.44668386171255003,0.005556088346436065
293,24429,0.9775132275132276,0.6923076923076923,0.9629629629629629,0.9021164021164021,0.33201058201058203,0.28174603174603174,0.8015873015873016,0.17592592592592593,0.9537037037037037,0.21122112211221122,0.3819628647214854,0.7983651226158038,0.9603174603174603,0.8333333333333334,Moses Malone*,0.5621160266427193,1.1247707938528333
294,24431,0.08333333333333333,0.050397877984084884,0.37433862433862436,0.18121693121693122,0.6349206349206349,0.10714285714285714,0.05952380952380952,0.26851851851851855,0.08994708994708994,0.21122112211221122,0.13925729442970822,0.004087193460490463,0.13227513227513227,0.1455026455026455,Mike O'Koren,0.15574536128022842,-2.81534437972344
295,24432,0.30952380952380953,0.2413793103448276,0.8055555555555556,0.753968253968254,0.3412698412698413,0.10714285714285714,0.6640211640211641,0.5912698412698413,0.3531746031746032,0.5429042904290429,0.17374005305039789,0.6907356948228883,0.3544973544973545,0.3439153439153439,Dan Roundfield,0.39527884193802915,-0.49286005158558094
296,24433,0.5753968253968254,0.3620689655172414,0.3835978835978836,0.4748677248677249,0.4298941798941799,0.43915343915343913,0.49867724867724866,0.10317460317460317,0.5621693121693122,0.21122112211221122,0.3302387267904509,0.5831062670299727,0.6613756613756614,0.5634920634920635,Jay Vincent,0.3743294639837836,-0.6959823952736451
297,24434,0.6494708994708994,0.5822281167108754,0.23941798941798942,0.3002645502645503,0.921957671957672,0.8333333333333334,0.24867724867724866,0.7976190476190477,0.705026455026455,0.21122112211221122,0.5782493368700266,0.55858310626703,0.6349206349206349,0.701058201058201,Ennis Whatley,0.48406463417653167,0.3679950174801504
298,24435,0.7579365079365079,0.38726790450928383,0.6164021164021164,0.6283068783068783,0.6838624338624338,0.9629629629629629,0.578042328042328,0.4894179894179894,0.7275132275132276,0.5874587458745875,0.46684350132625996,0.17166212534059946,0.6825396825396826,0.6931216931216931,John Williams,0.5160144269356574,0.6777758997457433
