Year,Team,Record,Winning Percentage
1964,76ers,34-46,0.425
1965,76ers,40-40,0.5
1966,76ers,55-25,0.688
1967,76ers,68-13,0.84
1968,76ers,62-20,0.756
1969,76ers,55-27,0.671
1970,76ers,42-40,0.512
1971,76ers,47-35,0.573
1972,76ers,30-52,0.366
1973,76ers,Sep-73,0.11
1974,76ers,25-57,0.305
1975,76ers,34-48,0.415
1976,76ers,46-36,0.561
1977,76ers,50-32,0.61
1978,76ers,55-27,0.671
1979,76ers,47-35,0.573
1980,76ers,59-23,0.72
1981,76ers,62-20,0.756
1982,76ers,58-24,0.707
1983,76ers,65-17,0.793
1984,76ers,52-30,0.634
1985,76ers,58-24,0.707
1986,76ers,54-28,0.659
1987,76ers,45-37,0.549
1988,76ers,36-46,0.439
1989,76ers,46-36,0.561
1990,76ers,53-29,0.646
1991,76ers,44-38,0.537
1992,76ers,35-47,0.427
1993,76ers,26-56,0.317
1994,76ers,25-57,0.305
1995,76ers,24-58,0.293
1996,76ers,18-64,0.22
1997,76ers,22-60,0.268
1998,76ers,31-51,0.378
1999,76ers,28-22,0.56
2000,76ers,49-33,0.598
2001,76ers,56-26,0.683
2002,76ers,43-39,0.524
2003,76ers,48-34,0.585
2004,76ers,33-49,0.402
2005,76ers,43-39,0.524
2006,76ers,38-44,0.463
2007,76ers,35-47,0.427
2008,76ers,40-42,0.488
2009,76ers,41-41,0.5
2010,76ers,27-55,0.329
2011,76ers,41-41,0.5
2012,76ers,35-31,0.53
2013,76ers,34-48,0.415
2014,76ers,19-63,0.232
2015,76ers,18-64,0.22
2016,76ers,Sep-73,0.122
2017,76ers,15-27,0.357
1950,Blackhawks,29-35,0.453
1951,Blackhawks,25-43,0.368
2005,Bobcats,18-64,0.22
2006,Bobcats,26-56,0.317
2007,Bobcats,33-49,0.402
2008,Bobcats,32-50,0.39
2009,Bobcats,35-47,0.427
2010,Bobcats,44-38,0.537
2011,Bobcats,34-48,0.415
2012,Bobcats,Aug-74,0.106
2013,Bobcats,21-61,0.256
2014,Bobcats,43-39,0.524
1971,Braves,22-60,0.268
1972,Braves,22-60,0.268
1973,Braves,21-61,0.256
1974,Braves,42-40,0.512
1975,Braves,49-33,0.598
1976,Braves,46-36,0.561
1977,Braves,30-52,0.366
1978,Braves,27-55,0.329
1969,Bucks,27-55,0.329
1970,Bucks,56-26,0.683
1971,Bucks,66-16,0.805
1972,Bucks,63-19,0.768
1973,Bucks,60-22,0.732
1974,Bucks,59-23,0.72
1975,Bucks,38-44,0.463
1976,Bucks,38-44,0.463
1977,Bucks,30-52,0.366
1978,Bucks,44-38,0.537
1979,Bucks,38-44,0.463
1980,Bucks,49-33,0.598
1981,Bucks,60-22,0.732
1982,Bucks,55-27,0.671
1983,Bucks,51-31,0.622
1984,Bucks,50-32,0.61
1985,Bucks,59-23,0.72
1986,Bucks,57-25,0.695
1987,Bucks,50-32,0.61
1988,Bucks,42-40,0.512
1989,Bucks,49-33,0.598
1990,Bucks,44-38,0.537
1991,Bucks,48-34,0.585
1992,Bucks,31-51,0.378
1993,Bucks,28-54,0.341
1994,Bucks,20-62,0.244
1995,Bucks,34-48,0.415
1996,Bucks,25-57,0.305
1997,Bucks,33-49,0.402
1998,Bucks,36-46,0.439
1999,Bucks,28-22,0.56
2000,Bucks,42-40,0.512
2001,Bucks,52-30,0.634
2002,Bucks,41-41,0.5
2003,Bucks,42-40,0.512
2004,Bucks,41-41,0.5
2005,Bucks,30-52,0.366
2006,Bucks,40-42,0.488
2007,Bucks,28-54,0.341
2008,Bucks,26-56,0.317
2009,Bucks,34-48,0.415
2010,Bucks,46-36,0.561
2011,Bucks,35-47,0.427
2012,Bucks,31-35,0.47
2013,Bucks,38-44,0.463
2014,Bucks,15-67,0.183
2015,Bucks,41-41,0.5
2016,Bucks,33-49,0.402
2017,Bucks,20-23,0.465
1964,Bullets,31-49,0.388
1965,Bullets,37-43,0.463
1966,Bullets,38-42,0.475
1967,Bullets,20-61,0.247
1968,Bullets,36-46,0.439
1969,Bullets,57-25,0.695
1970,Bullets,50-32,0.61
1971,Bullets,42-40,0.512
1972,Bullets,38-44,0.463
1973,Bullets,52-30,0.634
1974,Bullets,47-35,0.573
1975,Bullets,60-22,0.732
1976,Bullets,48-34,0.585
1977,Bullets,48-34,0.585
1978,Bullets,44-38,0.537
1979,Bullets,54-28,0.659
1980,Bullets,39-43,0.476
1981,Bullets,39-43,0.476
1982,Bullets,43-39,0.524
1983,Bullets,42-40,0.512
1984,Bullets,35-47,0.427
1985,Bullets,40-42,0.488
1986,Bullets,39-43,0.476
1987,Bullets,42-40,0.512
1988,Bullets,38-44,0.463
1989,Bullets,40-42,0.488
1990,Bullets,31-51,0.378
1991,Bullets,30-52,0.366
1992,Bullets,25-57,0.305
1993,Bullets,22-60,0.268
1994,Bullets,24-58,0.293
1995,Bullets,21-61,0.256
1996,Bullets,39-43,0.476
1997,Bullets,44-38,0.537
1967,Bulls,33-48,0.407
1968,Bulls,29-53,0.354
1969,Bulls,33-49,0.402
1970,Bulls,39-43,0.476
1971,Bulls,51-31,0.622
1972,Bulls,57-25,0.695
1973,Bulls,51-31,0.622
1974,Bulls,54-28,0.659
1975,Bulls,47-35,0.573
1976,Bulls,24-58,0.293
1977,Bulls,44-38,0.537
1978,Bulls,40-42,0.488
1979,Bulls,31-51,0.378
1980,Bulls,30-52,0.366
1981,Bulls,45-37,0.549
1982,Bulls,34-48,0.415
1983,Bulls,28-54,0.341
1984,Bulls,27-55,0.329
1985,Bulls,38-44,0.463
1986,Bulls,30-52,0.366
1987,Bulls,40-42,0.488
1988,Bulls,50-32,0.61
1989,Bulls,47-35,0.573
1990,Bulls,55-27,0.671
1991,Bulls,61-21,0.744
1992,Bulls,67-15,0.817
1993,Bulls,57-25,0.695
1994,Bulls,55-27,0.671
1995,Bulls,47-35,0.573
1996,Bulls,72-10,0.878
1997,Bulls,69-13,0.841
1998,Bulls,62-20,0.756
1999,Bulls,13-37,0.26
2000,Bulls,17-65,0.207
2001,Bulls,15-67,0.183
2002,Bulls,21-61,0.256
2003,Bulls,30-52,0.366
2004,Bulls,23-59,0.28
2005,Bulls,47-35,0.573
2006,Bulls,41-41,0.5
2007,Bulls,49-33,0.598
2008,Bulls,33-49,0.402
2009,Bulls,41-41,0.5
2010,Bulls,41-41,0.5
2011,Bulls,62-20,0.756
2012,Bulls,50-16,0.758
2013,Bulls,45-37,0.549
2014,Bulls,48-34,0.585
2015,Bulls,50-32,0.61
2016,Bulls,42-40,0.512
2017,Bulls,21-23,0.477
1971,Cavaliers,15-67,0.183
1972,Cavaliers,23-59,0.28
1973,Cavaliers,32-50,0.39
1974,Cavaliers,29-53,0.354
1975,Cavaliers,40-42,0.488
1976,Cavaliers,49-33,0.598
1977,Cavaliers,43-39,0.524
1978,Cavaliers,43-39,0.524
1979,Cavaliers,30-52,0.366
1980,Cavaliers,37-45,0.451
1981,Cavaliers,28-54,0.341
1982,Cavaliers,15-67,0.183
1983,Cavaliers,23-59,0.28
1984,Cavaliers,28-54,0.341
1985,Cavaliers,36-46,0.439
1986,Cavaliers,29-53,0.354
1987,Cavaliers,31-51,0.378
1988,Cavaliers,42-40,0.512
1989,Cavaliers,57-25,0.695
1990,Cavaliers,42-40,0.512
1991,Cavaliers,33-49,0.402
1992,Cavaliers,57-25,0.695
1993,Cavaliers,54-28,0.659
1994,Cavaliers,47-35,0.573
1995,Cavaliers,43-39,0.524
1996,Cavaliers,47-35,0.573
1997,Cavaliers,42-40,0.512
1998,Cavaliers,47-35,0.573
1999,Cavaliers,22-28,0.44
2000,Cavaliers,32-50,0.39
2001,Cavaliers,30-52,0.366
2002,Cavaliers,29-53,0.354
2003,Cavaliers,17-65,0.207
2004,Cavaliers,35-47,0.427
2005,Cavaliers,42-40,0.512
2006,Cavaliers,50-32,0.61
2007,Cavaliers,50-32,0.61
2008,Cavaliers,45-37,0.549
2009,Cavaliers,66-16,0.805
2010,Cavaliers,61-21,0.744
2011,Cavaliers,19-63,0.232
2012,Cavaliers,21-45,0.318
2013,Cavaliers,24-58,0.293
2014,Cavaliers,33-49,0.402
2015,Cavaliers,53-29,0.646
2016,Cavaliers,57-25,0.695
2017,Cavaliers,30-12,0.714
1947,Celtics,22-38,0.367
1948,Celtics,20-28,0.417
1949,Celtics,25-35,0.417
1950,Celtics,22-46,0.324
1951,Celtics,39-30,0.565
1952,Celtics,39-27,0.591
1953,Celtics,46-25,0.648
1954,Celtics,42-30,0.583
1955,Celtics,36-36,0.5
1956,Celtics,39-33,0.542
1957,Celtics,44-28,0.611
1958,Celtics,49-23,0.681
1959,Celtics,52-20,0.722
1960,Celtics,59-16,0.787
1961,Celtics,57-22,0.722
1962,Celtics,60-20,0.75
1963,Celtics,58-22,0.725
1964,Celtics,59-21,0.738
1965,Celtics,62-18,0.775
1966,Celtics,54-26,0.675
1967,Celtics,60-21,0.741
1968,Celtics,54-28,0.659
1969,Celtics,48-34,0.585
1970,Celtics,34-48,0.415
1971,Celtics,44-38,0.537
1972,Celtics,56-26,0.683
1973,Celtics,68-14,0.829
1974,Celtics,56-26,0.683
1975,Celtics,60-22,0.732
1976,Celtics,54-28,0.659
1977,Celtics,44-38,0.537
1978,Celtics,32-50,0.39
1979,Celtics,29-53,0.354
1980,Celtics,61-21,0.744
1981,Celtics,62-20,0.756
1982,Celtics,63-19,0.768
1983,Celtics,56-26,0.683
1984,Celtics,62-20,0.756
1985,Celtics,63-19,0.768
1986,Celtics,67-15,0.817
1987,Celtics,59-23,0.72
1988,Celtics,57-25,0.695
1989,Celtics,42-40,0.512
1990,Celtics,52-30,0.634
1991,Celtics,56-26,0.683
1992,Celtics,51-31,0.622
1993,Celtics,48-34,0.585
1994,Celtics,32-50,0.39
1995,Celtics,35-47,0.427
1996,Celtics,33-49,0.402
1997,Celtics,15-67,0.183
1998,Celtics,36-46,0.439
1999,Celtics,19-31,0.38
2000,Celtics,35-47,0.427
2001,Celtics,36-46,0.439
2002,Celtics,49-33,0.598
2003,Celtics,44-38,0.537
2004,Celtics,36-46,0.439
2005,Celtics,45-37,0.549
2006,Celtics,33-49,0.402
2007,Celtics,24-58,0.293
2008,Celtics,66-16,0.805
2009,Celtics,62-20,0.756
2010,Celtics,50-32,0.61
2011,Celtics,56-26,0.683
2012,Celtics,39-27,0.591
2013,Celtics,41-40,0.506
2014,Celtics,25-57,0.305
2015,Celtics,40-42,0.488
2016,Celtics,48-34,0.585
2017,Celtics,25-15,0.625
1979,Clippers,43-39,0.524
1980,Clippers,35-47,0.427
1981,Clippers,36-46,0.439
1982,Clippers,17-65,0.207
1983,Clippers,25-57,0.305
1984,Clippers,30-52,0.366
1985,Clippers,31-51,0.378
1986,Clippers,32-50,0.39
1987,Clippers,Dec-70,0.146
1988,Clippers,17-65,0.207
1989,Clippers,21-61,0.256
1990,Clippers,30-52,0.366
1991,Clippers,31-51,0.378
1992,Clippers,45-37,0.549
1993,Clippers,41-41,0.5
1994,Clippers,27-55,0.329
1995,Clippers,17-65,0.207
1996,Clippers,29-53,0.354
1997,Clippers,36-46,0.439
1998,Clippers,17-65,0.207
1999,Clippers,13-69,0.18
2000,Clippers,15-67,0.183
2001,Clippers,31-51,0.378
2002,Clippers,39-43,0.476
2003,Clippers,27-55,0.329
2004,Clippers,28-54,0.341
2005,Clippers,37-45,0.451
2006,Clippers,47-35,0.573
2007,Clippers,40-42,0.488
2008,Clippers,23-59,0.28
2009,Clippers,19-63,0.232
2010,Clippers,29-53,0.354
2011,Clippers,32-50,0.39
2012,Clippers,40-26,0.606
2013,Clippers,56-26,0.683
2014,Clippers,57-25,0.695
2015,Clippers,56-26,0.683
2016,Clippers,53-29,0.646
2017,Clippers,29-16,0.644
1996,Grizzlies,15-67,0.183
1997,Grizzlies,14-68,0.171
1998,Grizzlies,19-63,0.232
1999,Grizzlies,Dec-70,0.16
2000,Grizzlies,22-60,0.268
2001,Grizzlies,23-59,0.28
2002,Grizzlies,23-59,0.28
2003,Grizzlies,28-54,0.341
2004,Grizzlies,50-32,0.61
2005,Grizzlies,45-37,0.549
2006,Grizzlies,49-33,0.598
2007,Grizzlies,22-60,0.268
2008,Grizzlies,22-60,0.268
2009,Grizzlies,24-58,0.293
2010,Grizzlies,40-42,0.488
2011,Grizzlies,46-36,0.561
2012,Grizzlies,41-25,0.621
2013,Grizzlies,56-26,0.683
2014,Grizzlies,50-32,0.61
2015,Grizzlies,55-27,0.671
2016,Grizzlies,42-40,0.512
2017,Grizzlies,26-20,0.565
1952,Hawks,17-49,0.258
1953,Hawks,27-44,0.38
1954,Hawks,21-51,0.292
1955,Hawks,26-46,0.361
1956,Hawks,33-39,0.458
1957,Hawks,34-38,0.472
1958,Hawks,41-31,0.569
1959,Hawks,49-23,0.681
1960,Hawks,46-29,0.613
1961,Hawks,51-28,0.646
1962,Hawks,29-51,0.363
1963,Hawks,48-32,0.6
1964,Hawks,46-34,0.575
1965,Hawks,45-35,0.563
1966,Hawks,36-44,0.45
1967,Hawks,39-42,0.481
1968,Hawks,56-26,0.683
1969,Hawks,48-34,0.585
1970,Hawks,48-34,0.585
1971,Hawks,36-46,0.439
1972,Hawks,36-46,0.439
1973,Hawks,46-36,0.561
1974,Hawks,35-47,0.427
1975,Hawks,31-51,0.378
1976,Hawks,29-53,0.354
1977,Hawks,31-51,0.378
1978,Hawks,41-41,0.5
1979,Hawks,46-36,0.561
1980,Hawks,50-32,0.61
1981,Hawks,31-51,0.378
1982,Hawks,42-40,0.512
1983,Hawks,43-39,0.524
1984,Hawks,40-42,0.488
1985,Hawks,34-48,0.415
1986,Hawks,50-32,0.61
1987,Hawks,57-25,0.695
1988,Hawks,50-32,0.61
1989,Hawks,52-30,0.634
1990,Hawks,41-41,0.5
1991,Hawks,43-39,0.524
1992,Hawks,38-44,0.463
1993,Hawks,43-39,0.524
1994,Hawks,57-25,0.695
1995,Hawks,42-40,0.512
1996,Hawks,46-36,0.561
1997,Hawks,56-26,0.683
1998,Hawks,50-32,0.61
1999,Hawks,31-19,0.62
2000,Hawks,28-54,0.341
2001,Hawks,25-57,0.305
2002,Hawks,33-49,0.402
2003,Hawks,35-47,0.427
2004,Hawks,28-54,0.341
2005,Hawks,13-69,0.159
2006,Hawks,26-56,0.317
2007,Hawks,30-52,0.366
2008,Hawks,37-45,0.451
2009,Hawks,47-35,0.573
2010,Hawks,53-29,0.646
2011,Hawks,44-38,0.537
2012,Hawks,40-26,0.606
2013,Hawks,44-38,0.537
2014,Hawks,38-44,0.463
2015,Hawks,60-22,0.732
2016,Hawks,48-34,0.585
2017,Hawks,23-17,0.575
1989,Heat,15-67,0.183
1990,Heat,18-64,0.22
1991,Heat,24-58,0.293
1992,Heat,38-44,0.463
1993,Heat,36-46,0.439
1994,Heat,42-40,0.512
1995,Heat,32-50,0.39
1996,Heat,42-40,0.512
1997,Heat,61-21,0.744
1998,Heat,55-27,0.671
1999,Heat,33-17,0.66
2000,Heat,52-30,0.634
2001,Heat,50-32,0.61
2002,Heat,36-46,0.439
2003,Heat,25-57,0.305
2004,Heat,42-40,0.512
2005,Heat,59-23,0.72
2006,Heat,52-30,0.634
2007,Heat,44-38,0.537
2008,Heat,15-67,0.183
2009,Heat,43-39,0.524
2010,Heat,47-35,0.573
2011,Heat,58-24,0.707
2012,Heat,46-20,0.697
2013,Heat,66-16,0.805
2014,Heat,54-28,0.659
2015,Heat,37-45,0.451
2016,Heat,48-34,0.585
2017,Heat,14-30,0.318
1989,Hornets,20-62,0.244
1990,Hornets,19-63,0.232
1991,Hornets,26-56,0.317
1992,Hornets,31-51,0.378
1993,Hornets,44-38,0.537
1994,Hornets,41-41,0.5
1995,Hornets,50-32,0.61
1996,Hornets,41-41,0.5
1997,Hornets,54-28,0.659
1998,Hornets,51-31,0.622
1999,Hornets,26-24,0.52
2000,Hornets,49-33,0.598
2001,Hornets,46-36,0.561
2002,Hornets,44-38,0.537
2003,Hornets,47-35,0.573
2004,Hornets,41-41,0.5
2005,Hornets,18-64,0.22
2006,Hornets,38-44,0.463
2007,Hornets,39-43,0.476
2008,Hornets,56-26,0.683
2009,Hornets,49-33,0.598
2010,Hornets,37-45,0.451
2011,Hornets,46-36,0.561
2012,Hornets,21-45,0.318
2013,Hornets,27-55,0.329
2015,Hornets,33-49,0.402
2016,Hornets,48-34,0.585
2017,Hornets,22-21,0.512
1975,Jazz,23-59,0.28
1976,Jazz,38-44,0.463
1977,Jazz,35-47,0.427
1978,Jazz,39-43,0.476
1979,Jazz,26-56,0.317
1980,Jazz,24-58,0.293
1981,Jazz,28-54,0.341
1982,Jazz,25-57,0.305
1983,Jazz,30-52,0.366
1984,Jazz,45-37,0.549
1985,Jazz,41-41,0.5
1986,Jazz,42-40,0.512
1987,Jazz,44-38,0.537
1988,Jazz,47-35,0.573
1989,Jazz,51-31,0.622
1990,Jazz,55-27,0.671
1991,Jazz,54-28,0.659
1992,Jazz,55-27,0.671
1993,Jazz,47-35,0.573
1994,Jazz,53-29,0.646
1995,Jazz,60-22,0.732
1996,Jazz,55-27,0.671
1997,Jazz,64-18,0.78
1998,Jazz,62-20,0.756
1999,Jazz,37-13,0.74
2000,Jazz,55-27,0.671
2001,Jazz,53-29,0.646
2002,Jazz,44-38,0.537
2003,Jazz,47-35,0.573
2004,Jazz,42-40,0.512
2005,Jazz,26-56,0.317
2006,Jazz,41-41,0.5
2007,Jazz,51-31,0.622
2008,Jazz,54-28,0.659
2009,Jazz,48-34,0.585
2010,Jazz,53-29,0.646
2011,Jazz,39-43,0.476
2012,Jazz,36-30,0.545
2013,Jazz,43-39,0.524
2014,Jazz,25-57,0.305
2015,Jazz,38-44,0.463
2016,Jazz,40-42,0.488
2017,Jazz,29-16,0.644
1973,Kings,36-46,0.439
1974,Kings,33-49,0.402
1975,Kings,44-38,0.537
1976,Kings,31-51,0.378
1977,Kings,40-42,0.488
1978,Kings,31-51,0.378
1979,Kings,48-34,0.585
1980,Kings,47-35,0.573
1981,Kings,40-42,0.488
1982,Kings,30-52,0.366
1983,Kings,45-37,0.549
1984,Kings,38-44,0.463
1985,Kings,31-51,0.378
1986,Kings,37-45,0.451
1987,Kings,29-53,0.354
1988,Kings,24-58,0.293
1989,Kings,27-55,0.329
1990,Kings,23-59,0.28
1991,Kings,25-57,0.305
1992,Kings,29-53,0.354
1993,Kings,25-57,0.305
1994,Kings,28-54,0.341
1995,Kings,39-43,0.476
1996,Kings,39-43,0.476
1997,Kings,34-48,0.415
1998,Kings,27-55,0.329
1999,Kings,27-23,0.54
2000,Kings,44-38,0.537
2001,Kings,55-27,0.671
2002,Kings,61-21,0.744
2003,Kings,59-23,0.72
2004,Kings,55-27,0.671
2005,Kings,50-32,0.61
2006,Kings,44-38,0.537
2007,Kings,33-49,0.402
2008,Kings,38-44,0.463
2009,Kings,17-65,0.207
2010,Kings,25-57,0.305
2011,Kings,24-58,0.293
2012,Kings,22-44,0.333
2013,Kings,28-54,0.341
2014,Kings,28-54,0.341
2015,Kings,29-53,0.354
2016,Kings,33-49,0.402
2017,Kings,16-27,0.372
1947,Knicks,33-27,0.55
1948,Knicks,26-22,0.542
1949,Knicks,32-28,0.533
1950,Knicks,40-28,0.588
1951,Knicks,36-30,0.545
1952,Knicks,37-29,0.561
1953,Knicks,47-23,0.671
1954,Knicks,44-28,0.611
1955,Knicks,38-34,0.528
1956,Knicks,35-37,0.486
1957,Knicks,36-36,0.5
1958,Knicks,35-37,0.486
1959,Knicks,40-32,0.556
1960,Knicks,27-48,0.36
1961,Knicks,21-58,0.266
1962,Knicks,29-51,0.363
1963,Knicks,21-59,0.263
1964,Knicks,22-58,0.275
1965,Knicks,31-49,0.388
1966,Knicks,30-50,0.375
1967,Knicks,36-45,0.444
1968,Knicks,43-39,0.524
1969,Knicks,54-28,0.659
1970,Knicks,60-22,0.732
1971,Knicks,52-30,0.634
1972,Knicks,48-34,0.585
1973,Knicks,57-25,0.695
1974,Knicks,49-33,0.598
1975,Knicks,40-42,0.488
1976,Knicks,38-44,0.463
1977,Knicks,40-42,0.488
1978,Knicks,43-39,0.524
1979,Knicks,31-51,0.378
1980,Knicks,39-43,0.476
1981,Knicks,50-32,0.61
1982,Knicks,33-49,0.402
1983,Knicks,44-38,0.537
1984,Knicks,47-35,0.573
1985,Knicks,24-58,0.293
1986,Knicks,23-59,0.28
1987,Knicks,24-58,0.293
1988,Knicks,38-44,0.463
1989,Knicks,52-30,0.634
1990,Knicks,45-37,0.549
1991,Knicks,39-43,0.476
1992,Knicks,51-31,0.622
1993,Knicks,60-22,0.732
1994,Knicks,57-25,0.695
1995,Knicks,55-27,0.671
1996,Knicks,47-35,0.573
1997,Knicks,57-25,0.695
1998,Knicks,43-39,0.524
1999,Knicks,27-23,0.54
2000,Knicks,50-32,0.61
2001,Knicks,32-50,0.39
2001,Knicks,48-34,0.585
2002,Knicks,30-52,0.366
2002,Knicks,19-26,0.422
2003,Knicks,37-45,0.451
2004,Knicks,39-43,0.476
2005,Knicks,33-49,0.402
2006,Knicks,23-59,0.28
2007,Knicks,33-49,0.402
2008,Knicks,23-59,0.28
2009,Knicks,32-50,0.39
2010,Knicks,29-53,0.354
2011,Knicks,42-40,0.512
2012,Knicks,36-30,0.545
2013,Knicks,54-28,0.659
2014,Knicks,37-45,0.451
2015,Knicks,17-65,0.207
1949,Lakers,44-16,0.733
1950,Lakers,51-17,0.75
1951,Lakers,44-24,0.647
1952,Lakers,40-26,0.606
1953,Lakers,48-22,0.686
1954,Lakers,46-26,0.639
1955,Lakers,40-32,0.556
1956,Lakers,33-39,0.458
1957,Lakers,34-38,0.472
1958,Lakers,19-53,0.264
1959,Lakers,33-39,0.458
1960,Lakers,25-50,0.333
1961,Lakers,36-43,0.456
1962,Lakers,54-26,0.675
1963,Lakers,53-27,0.663
1964,Lakers,42-38,0.525
1965,Lakers,49-31,0.613
1966,Lakers,45-35,0.563
1967,Lakers,36-45,0.444
1968,Lakers,52-30,0.634
1969,Lakers,55-27,0.671
1970,Lakers,46-36,0.561
1971,Lakers,48-34,0.585
1972,Lakers,69-13,0.841
1973,Lakers,60-22,0.732
1974,Lakers,47-35,0.573
1975,Lakers,30-52,0.366
1976,Lakers,40-42,0.488
1977,Lakers,53-29,0.646
1978,Lakers,45-37,0.549
1979,Lakers,47-35,0.573
1980,Lakers,60-22,0.732
1981,Lakers,54-28,0.659
1982,Lakers,57-25,0.695
1983,Lakers,58-24,0.707
1984,Lakers,54-28,0.659
1985,Lakers,62-20,0.756
1986,Lakers,62-20,0.756
1987,Lakers,65-17,0.793
1988,Lakers,62-20,0.756
1989,Lakers,57-25,0.695
1990,Lakers,63-19,0.768
1991,Lakers,58-24,0.707
1992,Lakers,43-39,0.524
1993,Lakers,39-43,0.476
1994,Lakers,33-49,0.402
1995,Lakers,48-34,0.585
1996,Lakers,53-29,0.646
1997,Lakers,56-26,0.683
1998,Lakers,61-21,0.744
1999,Lakers,31-19,0.62
2000,Lakers,67-15,0.817
2001,Lakers,56-26,0.683
2002,Lakers,58-24,0.707
2003,Lakers,50-32,0.61
2004,Lakers,56-26,0.683
2005,Lakers,34-48,0.415
2006,Lakers,45-37,0.549
2007,Lakers,42-40,0.512
2008,Lakers,57-25,0.695
2009,Lakers,65-17,0.793
2010,Lakers,57-25,0.695
2011,Lakers,57-25,0.695
2012,Lakers,41-25,0.621
2013,Lakers,45-37,0.549
2014,Lakers,27-55,0.329
2015,Lakers,21-61,0.256
2016,Lakers,17-65,0.207
2017,Lakers,16-32,0.333
1990,Magic,18-64,0.22
1991,Magic,31-51,0.378
1992,Magic,21-61,0.256
1993,Magic,41-41,0.5
1994,Magic,50-32,0.61
1995,Magic,57-25,0.695
1996,Magic,60-22,0.732
1997,Magic,45-37,0.549
1998,Magic,41-41,0.5
1999,Magic,33-17,0.66
2000,Magic,41-41,0.5
2001,Magic,43-39,0.524
2002,Magic,44-38,0.537
2003,Magic,42-40,0.512
2004,Magic,21-61,0.256
2005,Magic,36-46,0.439
2006,Magic,36-46,0.439
2007,Magic,40-42,0.488
2008,Magic,52-30,0.634
2009,Magic,59-23,0.72
2010,Magic,59-23,0.72
2011,Magic,52-30,0.634
2012,Magic,37-29,0.561
2013,Magic,20-62,0.244
2014,Magic,23-59,0.28
2015,Magic,25-57,0.305
2016,Magic,35-47,0.427
2017,Magic,18-28,0.391
1981,Mavericks,15-67,0.183
1982,Mavericks,28-54,0.341
1983,Mavericks,38-44,0.463
1984,Mavericks,43-39,0.524
1985,Mavericks,44-38,0.537
1986,Mavericks,44-38,0.537
1987,Mavericks,55-27,0.671
1988,Mavericks,53-29,0.646
1989,Mavericks,38-44,0.463
1990,Mavericks,47-35,0.573
1991,Mavericks,28-54,0.341
1992,Mavericks,22-60,0.268
1993,Mavericks,Nov-71,0.134
1994,Mavericks,13-69,0.159
1995,Mavericks,36-46,0.439
1996,Mavericks,26-56,0.317
1997,Mavericks,24-58,0.293
1998,Mavericks,20-62,0.244
1999,Mavericks,19-31,0.38
2000,Mavericks,40-42,0.488
2001,Mavericks,53-29,0.646
2002,Mavericks,57-25,0.695
2003,Mavericks,60-22,0.732
2004,Mavericks,52-30,0.634
2005,Mavericks,58-24,0.707
2006,Mavericks,60-22,0.732
2007,Mavericks,67-15,0.817
2008,Mavericks,51-31,0.622
2009,Mavericks,50-32,0.61
2010,Mavericks,55-27,0.671
2011,Mavericks,57-25,0.695
2012,Mavericks,36-30,0.545
2013,Mavericks,41-41,0.5
2014,Mavericks,49-33,0.598
2015,Mavericks,50-32,0.61
2016,Mavericks,42-40,0.512
2017,Mavericks,15-29,0.341
1950,Nationals,51-13,0.797
1951,Nationals,32-34,0.485
1952,Nationals,40-26,0.606
1953,Nationals,47-24,0.662
1954,Nationals,42-30,0.583
1955,Nationals,43-29,0.597
1956,Nationals,35-37,0.486
1957,Nationals,38-34,0.528
1958,Nationals,41-31,0.569
1959,Nationals,35-37,0.486
1960,Nationals,45-30,0.6
1961,Nationals,38-41,0.481
1962,Nationals,41-39,0.513
1963,Nationals,48-32,0.6
1977,Nets,22-60,0.268
1978,Nets,24-58,0.293
1979,Nets,37-45,0.451
1980,Nets,34-48,0.415
1981,Nets,24-58,0.293
1982,Nets,44-38,0.537
1983,Nets,49-33,0.598
1984,Nets,45-37,0.549
1985,Nets,42-40,0.512
1986,Nets,39-43,0.476
1987,Nets,24-58,0.293
1988,Nets,19-63,0.232
1989,Nets,26-56,0.317
1990,Nets,17-65,0.207
1991,Nets,26-56,0.317
1992,Nets,40-42,0.488
1993,Nets,43-39,0.524
1994,Nets,45-37,0.549
1995,Nets,30-52,0.366
1996,Nets,30-52,0.366
1997,Nets,26-56,0.317
1998,Nets,43-39,0.524
1999,Nets,16-34,0.32
2000,Nets,31-51,0.378
2001,Nets,26-56,0.317
2002,Nets,52-30,0.634
2003,Nets,49-33,0.598
2004,Nets,47-35,0.573
2005,Nets,42-40,0.512
2006,Nets,49-33,0.598
2007,Nets,41-41,0.5
2008,Nets,34-48,0.415
2009,Nets,34-48,0.415
2010,Nets,Dec-70,0.146
2011,Nets,24-58,0.293
2012,Nets,22-44,0.333
2013,Nets,49-33,0.598
2014,Nets,44-38,0.537
2015,Nets,38-44,0.463
2016,Nets,21-61,0.256
2017,Nets,22-60,0.214
1977,Nuggets,50-32,0.61
1978,Nuggets,48-34,0.585
1979,Nuggets,47-35,0.573
1980,Nuggets,30-52,0.366
1981,Nuggets,37-45,0.451
1982,Nuggets,46-36,0.561
1983,Nuggets,45-37,0.549
1984,Nuggets,38-44,0.463
1985,Nuggets,52-30,0.634
1986,Nuggets,47-35,0.573
1987,Nuggets,37-45,0.451
1988,Nuggets,54-28,0.659
1989,Nuggets,44-38,0.537
1990,Nuggets,43-39,0.524
1991,Nuggets,20-62,0.244
1992,Nuggets,24-58,0.293
1993,Nuggets,36-46,0.439
1994,Nuggets,42-40,0.512
1995,Nuggets,41-41,0.5
1996,Nuggets,35-47,0.427
1997,Nuggets,21-61,0.256
1998,Nuggets,Nov-71,0.134
1999,Nuggets,14-36,0.28
2000,Nuggets,35-47,0.427
2001,Nuggets,40-42,0.488
2002,Nuggets,27-55,0.329
2003,Nuggets,17-65,0.207
2004,Nuggets,43-39,0.524
2005,Nuggets,49-33,0.598
2006,Nuggets,44-38,0.537
2007,Nuggets,45-37,0.549
2008,Nuggets,50-32,0.61
2009,Nuggets,54-28,0.659
2010,Nuggets,53-29,0.646
2011,Nuggets,50-32,0.61
2012,Nuggets,38-28,0.576
2013,Nuggets,57-25,0.695
2014,Nuggets,36-46,0.439
2015,Nuggets,30-52,0.366
2016,Nuggets,33-49,0.402
2017,Nuggets,18-25,0.419
1977,Pacers,36-46,0.439
1978,Pacers,31-51,0.378
1979,Pacers,38-44,0.463
1980,Pacers,37-45,0.451
1981,Pacers,44-38,0.537
1982,Pacers,35-47,0.427
1983,Pacers,20-62,0.244
1984,Pacers,26-56,0.317
1985,Pacers,22-60,0.268
1986,Pacers,26-56,0.317
1987,Pacers,41-41,0.5
1988,Pacers,38-44,0.463
1989,Pacers,28-54,0.341
1990,Pacers,42-40,0.512
1991,Pacers,41-41,0.5
1992,Pacers,40-42,0.488
1993,Pacers,41-41,0.5
1994,Pacers,47-35,0.573
1995,Pacers,52-30,0.634
1996,Pacers,52-30,0.634
1997,Pacers,39-43,0.476
1998,Pacers,58-24,0.707
1999,Pacers,33-17,0.66
2000,Pacers,56-26,0.683
2001,Pacers,41-41,0.5
2002,Pacers,42-40,0.512
2003,Pacers,48-34,0.585
2004,Pacers,61-21,0.744
2005,Pacers,44-38,0.537
2006,Pacers,41-41,0.5
2007,Pacers,35-47,0.427
2008,Pacers,36-46,0.439
2009,Pacers,36-46,0.439
2010,Pacers,32-50,0.39
2011,Pacers,37-45,0.451
2012,Pacers,42-24,0.636
2013,Pacers,49-32,0.605
2014,Pacers,56-26,0.683
2015,Pacers,38-44,0.463
2016,Pacers,45-37,0.549
2017,Pacers,22-21,0.512
1962,Packers,18-62,0.225
2014,Pelicans,34-48,0.415
2015,Pelicans,45-37,0.549
2016,Pelicans,30-52,0.366
2017,Pelicans,17-27,0.386
1949,Pistons,22-38,0.367
1950,Pistons,40-28,0.588
1951,Pistons,32-36,0.471
1952,Pistons,29-37,0.439
1953,Pistons,36-33,0.522
1954,Pistons,40-32,0.556
1955,Pistons,43-29,0.597
1956,Pistons,37-35,0.514
1957,Pistons,34-38,0.472
1958,Pistons,33-39,0.458
1959,Pistons,28-44,0.389
1960,Pistons,30-45,0.4
1961,Pistons,34-45,0.43
1962,Pistons,37-43,0.463
1963,Pistons,34-46,0.425
1964,Pistons,23-57,0.288
1965,Pistons,31-49,0.388
1966,Pistons,22-58,0.275
1967,Pistons,30-51,0.37
1968,Pistons,40-42,0.488
1969,Pistons,32-50,0.39
1970,Pistons,31-51,0.378
1971,Pistons,45-37,0.549
1972,Pistons,26-56,0.317
1973,Pistons,40-42,0.488
1974,Pistons,52-30,0.634
1975,Pistons,40-42,0.488
1976,Pistons,36-46,0.439
1977,Pistons,44-38,0.537
1978,Pistons,38-44,0.463
1979,Pistons,30-52,0.366
1980,Pistons,16-66,0.195
1981,Pistons,21-61,0.256
1982,Pistons,39-43,0.476
1983,Pistons,37-45,0.451
1984,Pistons,49-33,0.598
1985,Pistons,46-36,0.561
1986,Pistons,46-36,0.561
1987,Pistons,52-30,0.634
1988,Pistons,54-28,0.659
1989,Pistons,63-19,0.768
1990,Pistons,59-23,0.72
1991,Pistons,50-32,0.61
1992,Pistons,48-34,0.585
1993,Pistons,40-42,0.488
1994,Pistons,20-62,0.244
1995,Pistons,28-54,0.341
1996,Pistons,46-36,0.561
1997,Pistons,54-28,0.659
1998,Pistons,37-45,0.451
1999,Pistons,29-21,0.58
2000,Pistons,42-40,0.512
2001,Pistons,32-50,0.39
2002,Pistons,50-32,0.61
2003,Pistons,50-32,0.61
2004,Pistons,54-28,0.659
2005,Pistons,54-28,0.659
2006,Pistons,64-18,0.78
2007,Pistons,53-29,0.646
2008,Pistons,59-23,0.72
2009,Pistons,39-43,0.476
2010,Pistons,27-55,0.329
2011,Pistons,30-52,0.366
2012,Pistons,25-41,0.379
2013,Pistons,29-53,0.354
2014,Pistons,29-53,0.354
2015,Pistons,32-50,0.39
2016,Pistons,44-38,0.537
2017,Pistons,21-24,0.467
1996,Raptors,21-61,0.256
1997,Raptors,30-52,0.366
1998,Raptors,16-66,0.195
1999,Raptors,23-27,0.46
2000,Raptors,45-37,0.549
2001,Raptors,47-35,0.573
2002,Raptors,42-40,0.512
2003,Raptors,24-58,0.293
2004,Raptors,33-49,0.402
2005,Raptors,33-49,0.402
2006,Raptors,27-55,0.329
2007,Raptors,47-35,0.573
2008,Raptors,41-41,0.5
2009,Raptors,33-49,0.402
2010,Raptors,40-42,0.488
2011,Raptors,22-60,0.268
2012,Raptors,23-43,0.348
2013,Raptors,34-48,0.415
2014,Raptors,48-34,0.585
2015,Raptors,49-33,0.598
2016,Raptors,56-26,0.683
2017,Raptors,28-16,0.636
1968,Rockets,15-67,0.183
1969,Rockets,37-45,0.451
1970,Rockets,27-55,0.329
1971,Rockets,40-42,0.488
1972,Rockets,34-48,0.415
1973,Rockets,33-49,0.402
1974,Rockets,32-50,0.39
1975,Rockets,41-41,0.5
1976,Rockets,40-42,0.488
1977,Rockets,49-33,0.598
1978,Rockets,28-54,0.341
1979,Rockets,47-35,0.573
1980,Rockets,41-41,0.5
1981,Rockets,40-42,0.488
1982,Rockets,46-36,0.561
1983,Rockets,14-68,0.171
1984,Rockets,29-53,0.354
1985,Rockets,48-34,0.585
1986,Rockets,51-31,0.622
1987,Rockets,42-40,0.512
1988,Rockets,46-36,0.561
1989,Rockets,45-37,0.549
1990,Rockets,41-41,0.5
1991,Rockets,52-30,0.634
1992,Rockets,42-40,0.512
1993,Rockets,55-27,0.671
1994,Rockets,58-24,0.707
1995,Rockets,47-35,0.573
1996,Rockets,48-34,0.585
1997,Rockets,57-25,0.695
1998,Rockets,41-41,0.5
1999,Rockets,31-19,0.62
2000,Rockets,34-48,0.415
2001,Rockets,45-37,0.549
2002,Rockets,28-54,0.341
2003,Rockets,43-39,0.524
2004,Rockets,45-37,0.549
2005,Rockets,51-31,0.622
2006,Rockets,34-48,0.415
2007,Rockets,52-30,0.634
2008,Rockets,55-27,0.671
2009,Rockets,53-29,0.646
2010,Rockets,42-40,0.512
2011,Rockets,43-39,0.524
2012,Rockets,34-32,0.515
2013,Rockets,45-37,0.549
2014,Rockets,54-28,0.659
2015,Rockets,56-26,0.683
2016,Rockets,41-41,0.5
2017,Rockets,34-13,0.723
1949,Royals,45-15,0.75
1950,Royals,51-17,0.75
1951,Royals,41-27,0.603
1952,Royals,41-25,0.621
1953,Royals,44-26,0.629
1954,Royals,44-28,0.611
1955,Royals,29-43,0.403
1956,Royals,31-41,0.431
1957,Royals,31-41,0.431
1958,Royals,33-39,0.458
1959,Royals,19-53,0.264
1960,Royals,19-56,0.253
1961,Royals,33-46,0.418
1962,Royals,43-37,0.538
1963,Royals,42-38,0.525
1964,Royals,55-25,0.688
1965,Royals,48-32,0.6
1966,Royals,45-35,0.563
1967,Royals,39-42,0.481
1968,Royals,39-43,0.476
1969,Royals,41-41,0.5
1970,Royals,36-46,0.439
1971,Royals,33-49,0.402
1972,Royals,30-52,0.366
1977,Spurs,44-38,0.537
1978,Spurs,52-30,0.634
1979,Spurs,48-34,0.585
1980,Spurs,41-41,0.5
1981,Spurs,52-30,0.634
1982,Spurs,48-34,0.585
1983,Spurs,53-29,0.646
1984,Spurs,37-45,0.451
1985,Spurs,41-41,0.5
1986,Spurs,35-47,0.427
1987,Spurs,28-54,0.341
1988,Spurs,31-51,0.378
1989,Spurs,21-61,0.256
1990,Spurs,56-26,0.683
1991,Spurs,55-27,0.671
1992,Spurs,47-35,0.573
1993,Spurs,49-33,0.598
1994,Spurs,55-27,0.671
1995,Spurs,62-20,0.756
1996,Spurs,59-23,0.72
1997,Spurs,20-62,0.244
1998,Spurs,56-26,0.683
1999,Spurs,37-13,0.74
2000,Spurs,53-29,0.646
2001,Spurs,58-24,0.707
2002,Spurs,58-24,0.707
2003,Spurs,60-22,0.732
2004,Spurs,57-25,0.695
2005,Spurs,59-23,0.72
2006,Spurs,63-19,0.768
2007,Spurs,58-24,0.707
2008,Spurs,56-26,0.683
2009,Spurs,54-28,0.659
2010,Spurs,50-32,0.61
2011,Spurs,61-21,0.744
2012,Spurs,50-16,0.758
2013,Spurs,58-24,0.707
2014,Spurs,62-20,0.756
2015,Spurs,55-27,0.671
2016,Spurs,67-15,0.817
2017,Spurs,34-9,0.791
1969,Suns,16-66,0.195
1970,Suns,39-43,0.476
1971,Suns,48-34,0.585
1972,Suns,49-33,0.598
1973,Suns,38-44,0.463
1974,Suns,30-52,0.366
1975,Suns,32-50,0.39
1976,Suns,42-40,0.512
1977,Suns,34-48,0.415
1978,Suns,49-33,0.598
1979,Suns,50-32,0.61
1980,Suns,55-27,0.671
1981,Suns,57-25,0.695
1982,Suns,46-36,0.561
1983,Suns,53-29,0.646
1984,Suns,41-41,0.5
1985,Suns,36-46,0.439
1986,Suns,32-50,0.39
1987,Suns,36-46,0.439
1988,Suns,28-54,0.341
1989,Suns,55-27,0.671
1990,Suns,54-28,0.659
1991,Suns,55-27,0.671
1992,Suns,53-29,0.646
1993,Suns,62-20,0.756
1994,Suns,56-26,0.683
1995,Suns,59-23,0.72
1996,Suns,41-41,0.5
1997,Suns,40-42,0.488
1998,Suns,56-26,0.683
1999,Suns,27-23,0.54
2000,Suns,53-29,0.646
2001,Suns,51-31,0.622
2002,Suns,36-46,0.439
2003,Suns,44-38,0.537
2004,Suns,29-53,0.354
2005,Suns,62-20,0.756
2006,Suns,54-28,0.659
2007,Suns,61-21,0.744
2008,Suns,55-27,0.671
2009,Suns,46-36,0.561
2010,Suns,54-28,0.659
2011,Suns,40-42,0.488
2012,Suns,33-33,0.5
2013,Suns,25-57,0.305
2014,Suns,48-34,0.585
2015,Suns,39-43,0.476
2016,Suns,23-59,0.28
2017,Suns,15-29,0.341
1968,Supersonics,23-59,0.28
1969,Supersonics,30-52,0.366
1970,Supersonics,36-46,0.439
1971,Supersonics,38-44,0.463
1972,Supersonics,47-35,0.573
1973,Supersonics,26-56,0.317
1974,Supersonics,36-46,0.439
1975,Supersonics,43-39,0.524
1976,Supersonics,43-39,0.524
1977,Supersonics,40-42,0.488
1978,Supersonics,47-35,0.573
1979,Supersonics,52-30,0.634
1980,Supersonics,56-26,0.683
1981,Supersonics,34-48,0.415
1982,Supersonics,52-30,0.634
1983,Supersonics,48-34,0.585
1984,Supersonics,42-40,0.512
1985,Supersonics,31-51,0.378
1986,Supersonics,31-51,0.378
1987,Supersonics,39-43,0.476
1988,Supersonics,44-38,0.537
1989,Supersonics,47-35,0.573
1990,Supersonics,41-41,0.5
1991,Supersonics,41-41,0.5
1992,Supersonics,47-35,0.573
1993,Supersonics,55-27,0.671
1994,Supersonics,63-19,0.768
1995,Supersonics,57-25,0.695
1996,Supersonics,64-18,0.78
1997,Supersonics,57-25,0.695
1998,Supersonics,61-21,0.744
1999,Supersonics,25-25,0.5
2000,Supersonics,45-37,0.549
2001,Supersonics,44-38,0.537
2002,Supersonics,45-37,0.549
2003,Supersonics,40-42,0.488
2004,Supersonics,37-45,0.451
2005,Supersonics,52-30,0.634
2006,Supersonics,35-47,0.427
2007,Supersonics,31-51,0.378
2008,Supersonics,20-62,0.244
2009,Thunder,23-59,0.28
2010,Thunder,50-32,0.61
2011,Thunder,55-27,0.671
2012,Thunder,47-19,0.712
2013,Thunder,60-22,0.732
2014,Thunder,59-23,0.72
2015,Thunder,45-37,0.549
2016,Thunder,55-27,0.671
2017,Thunder,25-19,0.568
1990,Timberwolves,22-60,0.268
1991,Timberwolves,29-53,0.354
1992,Timberwolves,15-67,0.183
1993,Timberwolves,19-63,0.232
1994,Timberwolves,20-62,0.244
1995,Timberwolves,21-61,0.256
1996,Timberwolves,26-56,0.317
1997,Timberwolves,40-42,0.488
1998,Timberwolves,45-37,0.549
1999,Timberwolves,25-25,0.5
2000,Timberwolves,50-32,0.61
2001,Timberwolves,47-35,0.573
2002,Timberwolves,50-32,0.61
2003,Timberwolves,51-31,0.622
2004,Timberwolves,58-24,0.707
2005,Timberwolves,44-38,0.537
2006,Timberwolves,33-49,0.402
2007,Timberwolves,32-50,0.39
2008,Timberwolves,22-60,0.268
2009,Timberwolves,24-58,0.293
2010,Timberwolves,15-67,0.183
2011,Timberwolves,17-65,0.207
2012,Timberwolves,26-40,0.394
2013,Timberwolves,31-51,0.378
2014,Timberwolves,40-42,0.488
2015,Timberwolves,16-66,0.195
2016,Timberwolves,29-53,0.354
2017,Timberwolves,16-28,0.364
1971,Trail Blazers,29-53,0.354
1972,Trail Blazers,18-64,0.22
1973,Trail Blazers,21-61,0.256
1974,Trail Blazers,27-55,0.329
1975,Trail Blazers,38-44,0.463
1976,Trail Blazers,37-45,0.451
1977,Trail Blazers,49-33,0.598
1978,Trail Blazers,58-24,0.707
1979,Trail Blazers,45-37,0.549
1980,Trail Blazers,38-44,0.463
1981,Trail Blazers,45-37,0.549
1982,Trail Blazers,42-40,0.512
1983,Trail Blazers,46-36,0.561
1984,Trail Blazers,48-34,0.585
1985,Trail Blazers,42-40,0.512
1986,Trail Blazers,40-42,0.488
1987,Trail Blazers,49-33,0.598
1988,Trail Blazers,53-29,0.646
1989,Trail Blazers,39-43,0.476
1990,Trail Blazers,59-23,0.72
1991,Trail Blazers,63-19,0.768
1992,Trail Blazers,57-25,0.695
1993,Trail Blazers,51-31,0.622
1994,Trail Blazers,47-35,0.573
1995,Trail Blazers,44-38,0.537
1996,Trail Blazers,44-38,0.537
1997,Trail Blazers,49-33,0.598
1998,Trail Blazers,46-36,0.561
1999,Trail Blazers,35-15,0.7
2000,Trail Blazers,59-23,0.72
2001,Trail Blazers,50-32,0.61
2002,Trail Blazers,49-33,0.598
2003,Trail Blazers,50-32,0.61
2004,Trail Blazers,41-41,0.5
2005,Trail Blazers,27-55,0.329
2006,Trail Blazers,21-61,0.256
2007,Trail Blazers,32-50,0.39
2008,Trail Blazers,41-41,0.5
2009,Trail Blazers,54-28,0.659
2010,Trail Blazers,50-32,0.61
2011,Trail Blazers,48-34,0.585
2012,Trail Blazers,28-38,0.424
2013,Trail Blazers,33-49,0.402
2014,Trail Blazers,54-28,0.659
2015,Trail Blazers,51-31,0.622
2016,Trail Blazers,44-38,0.537
2017,Trail Blazers,19-27,0.413
1947,Warriors,35-25,0.583
1948,Warriors,27-21,0.563
1949,Warriors,28-32,0.467
1950,Warriors,26-42,0.382
1951,Warriors,40-26,0.606
1952,Warriors,33-33,0.5
1953,Warriors,15-67,0.174
1954,Warriors,29-43,0.403
1955,Warriors,33-39,0.458
1956,Warriors,45-27,0.625
1957,Warriors,37-35,0.514
1958,Warriors,37-35,0.514
1959,Warriors,32-40,0.444
1960,Warriors,49-26,0.653
1961,Warriors,46-33,0.582
1962,Warriors,49-31,0.613
1963,Warriors,31-49,0.388
1964,Warriors,48-32,0.6
1965,Warriors,17-63,0.213
1966,Warriors,35-45,0.438
1967,Warriors,44-37,0.543
1968,Warriors,43-39,0.524
1969,Warriors,41-41,0.5
1970,Warriors,30-52,0.366
1971,Warriors,41-41,0.5
1972,Warriors,51-31,0.622
1973,Warriors,47-35,0.573
1974,Warriors,44-38,0.537
1975,Warriors,48-34,0.585
1976,Warriors,59-23,0.72
1977,Warriors,46-36,0.561
1978,Warriors,43-39,0.524
1979,Warriors,38-44,0.463
1980,Warriors,24-58,0.293
1981,Warriors,39-43,0.476
1982,Warriors,45-37,0.549
1983,Warriors,30-52,0.366
1984,Warriors,37-45,0.451
1985,Warriors,22-60,0.268
1986,Warriors,30-52,0.366
1987,Warriors,42-40,0.512
1988,Warriors,20-62,0.244
1989,Warriors,43-39,0.524
1990,Warriors,37-45,0.451
1991,Warriors,44-38,0.537
1992,Warriors,55-27,0.671
1993,Warriors,34-48,0.415
1994,Warriors,50-32,0.61
1995,Warriors,26-56,0.317
1996,Warriors,36-46,0.439
1997,Warriors,30-52,0.366
1998,Warriors,19-63,0.232
1999,Warriors,21-29,0.42
2000,Warriors,19-63,0.232
2001,Warriors,17-65,0.207
2002,Warriors,21-61,0.256
2003,Warriors,38-44,0.463
2004,Warriors,37-45,0.451
2005,Warriors,34-48,0.415
2006,Warriors,34-48,0.415
2007,Warriors,42-40,0.512
2008,Warriors,48-34,0.585
2009,Warriors,29-53,0.354
2010,Warriors,26-56,0.317
2011,Warriors,36-46,0.439
2012,Warriors,23-43,0.348
2013,Warriors,47-35,0.573
2014,Warriors,51-31,0.622
2015,Warriors,67-15,0.817
2016,Warriors,73-9,0.89
2017,Warriors,38-6,0.864
1998,Wizards,42-40,0.512
1999,Wizards,18-32,0.36
2000,Wizards,29-53,0.354
2001,Wizards,19-63,0.232
2002,Wizards,37-45,0.451
2003,Wizards,37-45,0.451
2004,Wizards,25-57,0.305
2005,Wizards,45-37,0.549
2006,Wizards,42-40,0.512
2007,Wizards,41-41,0.5
2008,Wizards,43-39,0.524
2009,Wizards,19-63,0.232
2010,Wizards,26-56,0.317
2011,Wizards,23-59,0.28
2012,Wizards,20-46,0.303
2013,Wizards,29-53,0.354
2014,Wizards,44-38,0.537
2015,Wizards,46-36,0.561
2016,Wizards,41-41,0.5
2017,Wizards,23-20,0.535
1963,Zephyrs,25-55,0.313
